day,code,pe_ratio,pb_ratio,market_cap
2016-01-04,002027.XSHE,55118.3437,3.9036,1576.3864
2016-01-05,002027.XSHE,51016.8482,3.6132,1459.0835
2016-01-06,002027.XSHE,53621.6576,3.7976,1533.5812
2016-01-07,002027.XSHE,48253.7354,3.4175,1380.0583
2016-01-08,002027.XSHE,46915.3526,3.3227,1341.7806
2016-01-11,002027.XSHE,42223.8174,2.9904,1207.6025
2016-01-12,002027.XSHE,46440.4426,3.289,1328.1982
2016-01-13,002027.XSHE,42310.1646,2.9965,1210.0721
2016-01-14,002027.XSHE,44857.4092,3.1769,1282.9233
2016-01-15,002027.XSHE,44828.6268,3.1749,1282.1002
2016-01-18,002027.XSHE,48498.386,3.4348,1387.0554
2016-01-19,002027.XSHE,49217.9466,3.4858,1407.6349
2016-01-20,002027.XSHE,47893.9551,3.392,1369.7687
2016-01-21,002027.XSHE,43116.0725,3.0536,1233.1211
2016-01-22,002027.XSHE,44972.5389,3.1851,1286.2161
2016-01-25,002027.XSHE,44655.9323,3.1627,1277.1611
2016-01-26,002027.XSHE,40194.6564,2.8467,1149.5685
2016-01-27,002027.XSHE,41101.3028,2.9109,1175.4987
2016-01-28,002027.XSHE,38582.8406,2.7325,1103.4705
2016-01-29,002027.XSHE,42439.6855,3.0057,1213.7764
2016-02-01,002027.XSHE,43590.9825,3.0872,1246.7035
2016-02-02,002027.XSHE,45476.2314,3.2208,1300.6217
2016-02-03,002027.XSHE,46958.5263,3.3257,1343.0154
2016-02-04,002027.XSHE,48714.2542,3.4501,1393.2292
2016-02-05,002027.XSHE,46656.3108,3.3043,1334.3719
2016-02-15,002027.XSHE,45879.1853,3.2493,1312.1462
2016-02-16,002027.XSHE,48930.1224,3.4654,1399.4031
2016-02-17,002027.XSHE,50657.0679,3.5877,1448.7938
2016-02-18,002027.XSHE,49059.6433,3.4745,1403.1074
2016-02-19,002027.XSHE,48642.2981,3.445,1391.1713
2016-02-22,002027.XSHE,49592.1181,3.5123,1418.3362
2016-02-23,002027.XSHE,47606.1308,3.3716,1361.5369
2016-02-24,002027.XSHE,47433.4363,3.3594,1356.5978
2016-02-25,002027.XSHE,47433.4363,3.3594,1356.5978
2016-02-26,002027.XSHE,45174.0159,3.1994,1291.9783
2016-02-29,002027.XSHE,34.3092,25.2839,1162.7393
2016-03-01,002027.XSHE,34.5035,25.4271,1169.3248
2016-03-02,002027.XSHE,36.0459,26.5638,1221.5966
2016-03-03,002027.XSHE,35.7059,26.3132,1210.0721
2016-03-04,002027.XSHE,36.1309,26.6264,1224.4777
2016-03-07,002027.XSHE,37.1025,27.3424,1257.4049
2016-03-08,002027.XSHE,36.7139,27.056,1244.234
2016-03-09,002027.XSHE,35.0986,25.8657,1189.4926
2016-03-10,002027.XSHE,33.8113,24.917,1145.8643
2016-03-11,002027.XSHE,33.3741,24.5948,1131.047
2016-03-14,002027.XSHE,35.1351,25.8925,1190.7274
2016-03-15,002027.XSHE,34.0542,25.096,1154.0959
2016-03-16,002027.XSHE,34.0542,25.096,1154.0959
2016-03-17,002027.XSHE,35.4265,26.1073,1200.6055
2016-03-18,002027.XSHE,37.5519,27.6736,1272.6337
2016-03-21,002027.XSHE,38.8635,28.6402,1317.0853
2016-03-22,002027.XSHE,38.3656,28.2732,1300.2101
2016-03-23,002027.XSHE,39.0093,28.7476,1322.0243
2016-03-24,002027.XSHE,37.4669,27.6109,1269.7524
2016-03-25,002027.XSHE,37.2604,27.4588,1262.7555
2016-03-28,002027.XSHE,36.3131,26.7607,1230.6516
2016-03-29,002027.XSHE,35.3415,26.0447,1197.7244
2016-03-30,002027.XSHE,36.7018,27.0471,1243.8224
2016-03-31,002027.XSHE,37.479,27.6199,1270.1641
2016-04-01,002027.XSHE,41.2318,30.3855,1397.3452
2016-04-05,002027.XSHE,42.677,31.4505,1446.3243
2016-04-06,002027.XSHE,42.1184,31.0388,1427.3912
2016-04-07,002027.XSHE,43.1428,15.4565,1462.1091
2016-04-08,002027.XSHE,41.6733,14.93,1412.3091
2016-04-11,002027.XSHE,43.3104,15.5165,1467.788
2016-04-12,002027.XSHE,43.8904,15.7243,1487.4459
2016-04-13,002027.XSHE,44.0838,15.7936,1493.9985
2016-04-14,002027.XSHE,44.2384,15.849,1499.2406
2016-04-15,002027.XSHE,43.7615,15.6781,1483.0775
2016-04-18,002027.XSHE,43.6584,15.6412,1479.5828
2016-04-19,002027.XSHE,42.3307,15.1655,1434.5881
2016-04-20,002027.XSHE,38.4508,13.7755,1303.0988
2016-04-21,002027.XSHE,38.9278,13.9464,1319.2618
2016-04-22,002027.XSHE,39.9573,14.3158,1354.2092
2016-04-25,002027.XSHE,39.0035,13.9741,1321.8829
2016-04-26,002027.XSHE,39.9186,14.302,1352.8987
2016-04-27,002027.XSHE,39.8799,14.2881,1351.5881
2016-04-28,002027.XSHE,40.344,14.4544,1367.3145
2016-04-29,002027.XSHE,42.2903,15.1517,1433.2775
2016-05-03,002027.XSHE,40.4739,14.3036,1445.9459
2016-05-04,002027.XSHE,39.838,14.0789,1423.2302
2016-05-05,002027.XSHE,40.107,14.174,1432.8407
2016-05-06,002027.XSHE,37.368,13.206,1334.9882
2016-05-09,002027.XSHE,34.6901,12.2596,1239.3198
2016-05-10,002027.XSHE,36.9645,13.0634,1320.5724
2016-05-11,002027.XSHE,35.5339,12.5578,1269.4619
2016-05-12,002027.XSHE,35.2037,12.4411,1257.6672
2016-05-13,002027.XSHE,35.0447,12.3849,1251.9882
2016-05-16,002027.XSHE,35.2771,12.467,1260.2882
2016-05-17,002027.XSHE,35.3382,12.4886,1262.4724
2016-05-18,002027.XSHE,34.3844,13.6234,1228.3988
2016-05-19,002027.XSHE,34.5923,13.7057,1235.8251
2016-05-20,002027.XSHE,34.7635,13.7735,1241.9409
2016-05-23,002027.XSHE,35.1548,13.9286,1255.9198
2016-05-24,002027.XSHE,34.5801,13.7009,1235.3883
2016-05-25,002027.XSHE,34.4211,13.6379,1229.7094
2016-05-26,002027.XSHE,34.6168,13.7154,1236.6989
2016-05-27,002027.XSHE,34.2989,13.5894,1225.3409
2016-05-30,002027.XSHE,34.0054,13.4732,1214.8567
2016-05-31,002027.XSHE,35.9741,14.2532,1285.1882
2016-06-01,002027.XSHE,36.0597,14.2871,1288.2461
2016-06-02,002027.XSHE,36.3898,14.4179,1300.0408
2016-06-03,002027.XSHE,37.9672,15.0429,1356.3934
2016-06-06,002027.XSHE,37.3313,14.7909,1333.6776
2016-06-07,002027.XSHE,37.2702,14.7667,1331.4934
2016-06-08,002027.XSHE,38.8231,15.382,1386.9723
2016-06-13,002027.XSHE,36.6099,14.5051,1307.9041
2016-06-14,002027.XSHE,35.5461,14.0836,1269.8987
2016-06-15,002027.XSHE,35.9374,14.2386,1283.8777
2016-06-16,002027.XSHE,35.5583,14.0885,1270.3356
2016-06-17,002027.XSHE,35.7295,14.1563,1276.4514
2016-06-20,002027.XSHE,36.2431,14.3598,1294.7987
2016-06-21,002027.XSHE,35.705,14.1466,1275.5778
2016-06-22,002027.XSHE,36.8055,14.5826,1314.8934
2016-06-23,002027.XSHE,37.0379,14.6747,1323.1934
2016-06-24,002027.XSHE,38.7253,15.3432,1383.4775
2016-06-27,002027.XSHE,39.7647,15.755,1420.6091
2016-06-28,002027.XSHE,43.7387,17.3296,1562.5826
2016-06-29,002027.XSHE,42.039,16.6562,1501.8617
2016-06-30,002027.XSHE,40.376,15.9973,1442.4512
2016-07-01,002027.XSHE,40.1315,15.9004,1433.7144
2016-07-04,002027.XSHE,40.425,16.0167,1444.1986
2016-07-05,002027.XSHE,39.8625,15.7938,1424.1039
2016-07-06,002027.XSHE,41.1586,16.3073,1470.4091
2016-07-07,002027.XSHE,40.6451,16.1039,1452.0616
2016-07-08,002027.XSHE,40.3271,15.9779,1440.7039
2016-07-11,002027.XSHE,40.3516,15.9876,1441.5775
2016-07-12,002027.XSHE,41.3298,16.3752,1476.5249
2016-07-13,002027.XSHE,41.9657,16.6271,1499.2406
2016-07-14,002027.XSHE,41.5499,16.4624,1484.3879
2016-07-15,002027.XSHE,40.9385,16.2201,1462.5459
2016-07-18,002027.XSHE,41.3054,16.3655,1475.6512
2016-07-19,002027.XSHE,41.5988,16.4817,1486.1354
2016-07-20,002027.XSHE,42.2347,16.7337,1508.8511
2016-07-21,002027.XSHE,41.8189,16.569,1493.9985
2016-07-22,002027.XSHE,41.1097,16.288,1468.6617
2016-07-25,002027.XSHE,40.4983,16.0457,1446.8196
2016-07-26,002027.XSHE,41.0608,16.2686,1466.9143
2016-07-27,002027.XSHE,38.0772,15.0865,1360.325
2016-07-28,002027.XSHE,36.9034,14.6214,1318.3882
2016-07-29,002027.XSHE,38.0772,15.0865,1360.325
2016-08-01,002027.XSHE,35.5839,24.6506,1334.9882
2016-08-02,002027.XSHE,36.4222,25.2314,1366.4408
2016-08-03,002027.XSHE,36.3524,25.183,1363.8197
2016-08-04,002027.XSHE,36.2825,25.1346,1361.1987
2016-08-05,002027.XSHE,35.8633,24.8442,1345.4724
2016-08-08,002027.XSHE,36.0729,24.9894,1353.3354
2016-08-09,002027.XSHE,36.8647,25.5379,1383.0406
2016-08-10,002027.XSHE,36.6318,25.3766,1374.304
2016-08-11,002027.XSHE,35.9565,24.9088,1348.967
2016-08-12,002027.XSHE,36.3058,25.1508,1362.0723
2016-08-15,002027.XSHE,36.9578,25.6025,1386.5355
2016-08-16,002027.XSHE,37.214,25.7799,1396.146
2016-08-17,002027.XSHE,37.1209,25.7154,1392.6512
2016-08-18,002027.XSHE,36.562,25.3282,1371.6829
2016-08-19,002027.XSHE,36.8414,25.5218,1382.1671
2016-08-22,002027.XSHE,36.1195,25.0217,1355.0829
2016-08-23,002027.XSHE,35.8167,24.812,1343.725
2016-08-24,002027.XSHE,35.8866,24.8604,1346.3459
2016-08-25,002027.XSHE,35.2811,24.4409,1323.6302
2016-08-26,002027.XSHE,35.4208,24.5377,1328.8724
2016-08-29,002027.XSHE,35.4674,24.57,1330.6198
2016-08-30,002027.XSHE,35.7469,24.7636,1341.1039
2016-08-31,002027.XSHE,35.7685,24.7797,1341.9775
2016-09-01,002027.XSHE,35.5124,24.6022,1332.3671
2016-09-02,002027.XSHE,35.5124,24.6022,1332.3671
2016-09-05,002027.XSHE,35.3494,24.4893,1326.2513
2016-09-06,002027.XSHE,35.722,24.7474,1340.2303
2016-09-07,002027.XSHE,35.4192,24.5377,1328.8724
2016-09-08,002027.XSHE,35.3261,24.4732,1325.3776
2016-09-09,002027.XSHE,35.1631,24.3603,1319.2618
2016-09-12,002027.XSHE,33.9522,23.5214,1273.8303
2016-09-13,002027.XSHE,34.0686,23.602,1278.1987
2016-09-14,002027.XSHE,34.1152,23.6343,1279.946
2016-09-19,002027.XSHE,34.0686,23.602,1278.1987
2016-09-20,002027.XSHE,33.9987,23.5536,1275.5778
2016-09-21,002027.XSHE,33.9987,23.5536,1275.5778
2016-09-22,002027.XSHE,33.8823,23.473,1271.2094
2016-09-23,002027.XSHE,33.6727,23.3278,1263.3461
2016-09-26,002027.XSHE,32.9508,22.8277,1236.2618
2016-09-27,002027.XSHE,33.4398,23.1664,1254.6093
2016-09-28,002027.XSHE,33.207,23.0051,1245.8726
2016-09-29,002027.XSHE,33.1138,22.9406,1242.3777
2016-09-30,002027.XSHE,33.207,23.0051,1245.8726
2016-10-10,002027.XSHE,34.0919,23.6182,1279.0724
2016-10-11,002027.XSHE,34.6275,23.9892,1299.1671
2016-10-12,002027.XSHE,37.1192,25.7154,1392.6512
2016-10-13,002027.XSHE,37.678,26.1026,1413.6198
2016-10-14,002027.XSHE,37.0726,25.6831,1390.9039
2016-10-17,002027.XSHE,36.3274,25.1669,1362.946
2016-10-18,002027.XSHE,36.5137,25.2959,1369.9355
2016-10-19,002027.XSHE,35.9082,24.8765,1347.2197
2016-10-20,002027.XSHE,36.2343,25.1024,1359.4513
2016-10-21,002027.XSHE,35.3959,24.5216,1327.9987
2016-10-24,002027.XSHE,35.7918,24.7958,1342.8513
2016-10-25,002027.XSHE,35.9315,24.8926,1348.0934
2016-10-26,002027.XSHE,37.3287,25.8606,1400.5144
2016-10-27,002027.XSHE,37.4918,25.9735,1406.6302
2016-10-28,002027.XSHE,37.5383,26.0058,1408.3776
2016-10-31,002027.XSHE,33.7331,20.4898,1365.5671
2016-11-01,002027.XSHE,35.7834,21.7352,1448.567
2016-11-02,002027.XSHE,36.9488,22.4431,1495.7458
2016-11-03,002027.XSHE,37.3157,22.6659,1510.5985
2016-11-04,002027.XSHE,37.0136,22.4824,1498.3669
2016-11-07,002027.XSHE,36.7978,22.3513,1489.6301
2016-11-08,002027.XSHE,37.1862,22.5873,1505.3564
2016-11-09,002027.XSHE,38.3517,23.2952,1552.5353
2016-11-10,002027.XSHE,39.7977,24.1735,1611.0721
2016-11-11,002027.XSHE,40.0567,24.3308,1621.5563
2016-11-14,002027.XSHE,41.6538,25.3009,1686.2089
2016-11-15,002027.XSHE,41.848,25.4189,1694.072
2016-11-16,002027.XSHE,41.4164,25.1567,1676.5983
2016-11-17,002027.XSHE,40.4236,24.5537,1636.4089
2016-11-18,002027.XSHE,38.7833,23.5574,1570.009
2016-11-21,002027.XSHE,39.6682,24.0949,1605.83
2016-11-22,002027.XSHE,39.7114,24.1211,1607.5774
2016-11-23,002027.XSHE,38.8912,23.6229,1574.3774
2016-11-24,002027.XSHE,38.5675,23.4263,1561.2721
2016-11-25,002027.XSHE,37.8337,22.9806,1531.5669
2016-11-28,002027.XSHE,37.769,22.9412,1528.9459
2016-11-29,002027.XSHE,37.2942,22.6528,1509.7249
2016-11-30,002027.XSHE,36.5604,22.2071,1480.0197
2016-12-01,002027.XSHE,37.9848,23.0723,1537.6827
2016-12-02,002027.XSHE,37.5531,22.8101,1520.209
2016-12-05,002027.XSHE,34.7043,21.0797,1404.8828
2016-12-06,002027.XSHE,33.7331,20.4898,1365.5671
2016-12-07,002027.XSHE,34.1647,20.752,1383.0406
2016-12-08,002027.XSHE,33.4309,20.3063,1353.3354
2016-12-09,002027.XSHE,32.9777,20.031,1334.9882
2016-12-12,002027.XSHE,30.9274,18.7856,1251.9882
2016-12-13,002027.XSHE,31.2943,19.0085,1266.8409
2016-12-14,002027.XSHE,30.69,18.6414,1242.3777
2016-12-15,002027.XSHE,31.3159,19.0216,1267.7145
2016-12-16,002027.XSHE,33.3014,20.2276,1348.0934
2016-12-19,002027.XSHE,32.3734,19.6639,1310.525
2016-12-20,002027.XSHE,32.6971,19.8606,1323.6302
2016-12-21,002027.XSHE,32.5676,19.7819,1318.3882
2016-12-22,002027.XSHE,32.3734,19.6639,1310.525
2016-12-23,002027.XSHE,32.8266,19.9392,1328.8724
2016-12-26,002027.XSHE,30.7331,18.6676,1244.1251
2016-12-27,002027.XSHE,30.2368,18.3661,1224.0304
2016-12-28,002027.XSHE,29.8914,18.1563,1210.0514
2016-12-29,002027.XSHE,29.9562,18.1957,1212.6725
2016-12-30,002027.XSHE,30.7979,18.7069,1246.7461
2017-01-03,002027.XSHE,30.5821,18.5758,1238.0093
2017-01-04,002027.XSHE,31.7691,19.2969,1286.0619
2017-01-05,002027.XSHE,31.2943,19.0085,1266.8409
2017-01-06,002027.XSHE,31.3159,19.0216,1267.7145
2017-01-09,002027.XSHE,31.0137,18.838,1255.483
2017-01-10,002027.XSHE,29.9778,18.2088,1213.5461
2017-01-11,002027.XSHE,29.9993,18.2219,1214.4199
2017-01-12,002027.XSHE,29.8267,18.117,1207.4304
2017-01-13,002027.XSHE,29.8483,18.1301,1208.3041
2017-01-16,002027.XSHE,29.6972,18.0384,1202.1884
2017-01-17,002027.XSHE,29.4598,17.8942,1192.5778
2017-01-18,002027.XSHE,29.2871,17.7893,1185.5883
2017-01-19,002027.XSHE,29.2871,17.7893,1185.5883
2017-01-20,002027.XSHE,29.3303,17.8155,1187.3357
2017-01-23,002027.XSHE,29.3087,17.8024,1186.462
2017-01-24,002027.XSHE,29.3087,17.8024,1186.462
2017-01-25,002027.XSHE,29.2871,17.7893,1185.5883
2017-01-26,002027.XSHE,29.244,17.7631,1183.8409
2017-02-03,002027.XSHE,29.3087,17.8024,1186.462
2017-02-06,002027.XSHE,29.3087,17.8024,1186.462
2017-02-07,002027.XSHE,29.3087,17.8024,1186.462
2017-02-08,002027.XSHE,29.244,17.7631,1183.8409
2017-02-09,002027.XSHE,29.244,17.7631,1183.8409
2017-02-10,002027.XSHE,29.2008,17.7369,1182.0936
2017-02-13,002027.XSHE,29.1361,17.6975,1179.4725
2017-02-14,002027.XSHE,29.1361,17.6975,1179.4725
2017-02-15,002027.XSHE,27.1505,16.4915,1099.0938
2017-02-16,002027.XSHE,25.8556,15.7049,1046.6727
2017-02-17,002027.XSHE,26.1145,15.8622,1057.1569
2017-02-20,002027.XSHE,25.9419,15.7574,1050.1674
2017-02-21,002027.XSHE,25.8556,15.7049,1046.6727
2017-02-22,002027.XSHE,25.8124,15.6787,1044.9253
2017-02-23,002027.XSHE,25.5318,15.5083,1033.5674
2017-02-24,002027.XSHE,25.316,15.3772,1024.8306
2017-02-27,002027.XSHE,25.5966,15.5476,1036.1885
2017-02-28,002027.XSHE,24.2417,13.5028,1078.9989
2017-03-01,002027.XSHE,24.2417,13.5028,1078.9989
2017-03-02,002027.XSHE,23.6725,13.1857,1053.6621
2017-03-03,002027.XSHE,23.5743,13.1311,1049.2937
2017-03-06,002027.XSHE,23.7706,13.2404,1058.0305
2017-03-07,002027.XSHE,23.5743,13.1311,1049.2937
2017-03-08,002027.XSHE,23.2799,12.9671,1036.1885
2017-03-09,002027.XSHE,23.0836,12.8577,1027.4517
2017-03-10,002027.XSHE,22.9658,12.7921,1022.2095
2017-03-13,002027.XSHE,22.8284,12.7156,1016.0937
2017-03-14,002027.XSHE,23.1621,12.9015,1030.9464
2017-03-15,002027.XSHE,22.8873,12.7484,1018.7148
2017-03-16,002027.XSHE,22.8481,12.7265,1016.9674
2017-03-17,002027.XSHE,23.0247,12.8249,1024.8306
2017-03-20,002027.XSHE,22.4359,12.4969,998.6201
2017-03-21,002027.XSHE,21.847,12.1689,972.4096
2017-03-22,002027.XSHE,21.8862,12.1908,974.1569
2017-03-23,002027.XSHE,21.5133,11.9831,957.557
2017-03-24,002027.XSHE,22.377,12.4641,995.999
2017-03-27,002027.XSHE,23.2799,12.9671,1036.1885
2017-03-28,002027.XSHE,23.2995,12.978,1037.0621
2017-03-29,002027.XSHE,22.8873,12.7484,1018.7148
2017-03-30,002027.XSHE,23.2014,12.9233,1032.6937
2017-03-31,002027.XSHE,23.8884,13.306,1063.2726
2017-04-05,002027.XSHE,23.7706,13.2404,1058.0305
2017-04-06,002027.XSHE,23.5743,13.1311,1049.2937
2017-04-07,002027.XSHE,23.8688,13.2951,1062.399
2017-04-10,002027.XSHE,23.3977,13.0327,1041.4305
2017-04-11,002027.XSHE,23.1818,12.9124,1031.8199
2017-04-12,002027.XSHE,23.064,12.8468,1026.5779
2017-04-13,002027.XSHE,23.0836,12.8577,1027.4517
2017-04-14,002027.XSHE,23.0444,12.8359,1025.7043
2017-04-17,002027.XSHE,22.377,12.4641,995.999
2017-04-18,002027.XSHE,22.8088,12.7047,1015.2201
2017-04-19,002027.XSHE,23.3977,13.0327,1041.4305
2017-04-20,002027.XSHE,24.4773,13.634,1089.4832
2017-04-21,002027.XSHE,24.6343,13.7215,1096.4727
2017-04-24,002027.XSHE,24.8502,13.8417,1106.0831
2017-04-25,002027.XSHE,24.8502,13.8417,1106.0831
2017-04-26,002027.XSHE,25.3409,14.1151,1127.9252
2017-04-27,002027.XSHE,25.1643,14.0167,1120.0621
2017-04-28,002027.XSHE,22.4982,12.1816,1104.3358
2017-05-02,002027.XSHE,23.317,12.6249,1144.5251
2017-05-03,002027.XSHE,22.8008,12.3454,1119.1884
2017-05-04,002027.XSHE,22.1601,11.9985,1087.7358
2017-05-05,002027.XSHE,22.1067,11.9696,1085.1147
2017-05-08,002027.XSHE,22.783,12.3358,1118.3147
2017-05-09,002027.XSHE,23.1568,12.5382,1136.662
2017-05-10,002027.XSHE,22.427,12.1431,1100.8409
2017-05-11,002027.XSHE,22.6406,12.2587,1111.3252
2017-05-12,002027.XSHE,22.6584,12.2683,1112.1989
2017-05-15,002027.XSHE,23.0144,12.4611,1129.6726
2017-05-16,002027.XSHE,22.9254,12.4129,1125.3042
2017-05-17,002027.XSHE,23.495,12.7213,1153.262
2017-05-18,002027.XSHE,23.3704,12.6538,1147.1462
2017-05-19,002027.XSHE,23.2102,12.5671,1139.2831
2017-05-22,002027.XSHE,22.4804,20.0594,1103.4622
2017-05-23,002027.XSHE,22.3914,19.98,1099.0938
2017-05-24,002027.XSHE,22.4626,20.0435,1102.5884
2017-05-25,002027.XSHE,22.5872,20.1547,1108.7042
2017-05-26,002027.XSHE,22.3736,19.9641,1098.22
2017-05-31,002027.XSHE,22.9254,20.4564,1125.3042
2017-06-01,002027.XSHE,24.0468,21.457,1180.3462
2017-06-02,002027.XSHE,24.3316,21.7112,1194.3251
2017-06-05,002027.XSHE,24.1714,21.5682,1186.462
2017-06-06,002027.XSHE,24.3316,21.7112,1194.3251
2017-06-07,002027.XSHE,25.6309,22.8706,1258.104
2017-06-08,002027.XSHE,25.7733,22.9976,1265.0935
2017-06-09,002027.XSHE,26.6811,23.8076,1309.6512
2017-06-12,002027.XSHE,26.4141,23.5694,1296.5461
2017-06-13,002027.XSHE,26.6455,23.7759,1307.9041
2017-06-14,002027.XSHE,25.9335,23.1406,1272.9565
2017-06-15,002027.XSHE,25.4707,22.7276,1250.2408
2017-06-16,002027.XSHE,25.7733,22.9976,1265.0935
2017-06-19,002027.XSHE,23.2458,20.7423,1141.0305
2017-06-20,002027.XSHE,23.6196,21.0759,1159.3778
2017-06-21,002027.XSHE,23.7086,21.1553,1163.7462
2017-06-22,002027.XSHE,23.8332,21.2664,1169.8621
2017-06-23,002027.XSHE,23.94,21.3617,1175.1041
2017-06-26,002027.XSHE,23.7086,21.1553,1163.7462
2017-06-27,002027.XSHE,24.4384,21.8064,1199.5673
2017-06-28,002027.XSHE,24.2604,21.6476,1190.8304
2017-06-29,002027.XSHE,24.1002,21.5047,1182.9673
2017-06-30,002027.XSHE,24.4918,21.8541,1202.1884
2017-07-03,002027.XSHE,24.4918,21.8541,1202.1884
2017-07-04,002027.XSHE,23.851,21.2823,1170.7357
2017-07-05,002027.XSHE,24.1714,21.5682,1186.462
2017-07-06,002027.XSHE,23.05,20.5676,1131.4199
2017-07-07,002027.XSHE,22.5018,20.0784,1104.5105
2017-07-10,002027.XSHE,22.4769,20.0562,1103.2874
2017-07-11,002027.XSHE,22.2526,19.8561,1092.2789
2017-07-12,002027.XSHE,22.2277,19.8339,1091.0558
2017-07-13,002027.XSHE,22.0782,19.7004,1083.7168
2017-07-14,002027.XSHE,22.0533,19.6782,1082.4937
2017-07-17,002027.XSHE,21.4303,19.1223,1051.9148
2017-07-18,002027.XSHE,21.3555,19.0556,1048.2452
2017-07-19,002027.XSHE,21.8788,19.5226,1073.9316
2017-07-20,002027.XSHE,21.7293,19.3892,1066.5927
2017-07-21,002027.XSHE,21.7293,19.3892,1066.5927
2017-07-24,002027.XSHE,21.4801,19.1668,1054.3611
2017-07-25,002027.XSHE,21.6546,19.3224,1062.9232
2017-07-26,002027.XSHE,21.7044,19.3669,1065.3695
2017-07-27,002027.XSHE,22.5516,20.1229,1106.9568
2017-07-28,002027.XSHE,21.7053,15.9473,1103.2874
2017-07-31,002027.XSHE,21.3684,15.6998,1086.1631
2017-08-01,002027.XSHE,21.0315,15.4523,1069.0389
2017-08-02,002027.XSHE,21.0074,15.4346,1067.8158
2017-08-03,002027.XSHE,20.6946,15.2048,1051.9148
2017-08-04,002027.XSHE,20.5502,15.0987,1044.5758
2017-08-07,002027.XSHE,20.839,15.3108,1059.2537
2017-08-08,002027.XSHE,20.9352,15.3816,1064.1462
2017-08-09,002027.XSHE,21.4165,15.7352,1088.6095
2017-08-10,002027.XSHE,21.3443,15.6821,1084.9399
2017-08-11,002027.XSHE,21.609,15.8766,1098.3947
2017-08-14,002027.XSHE,22.0662,16.2125,1121.6346
2017-08-15,002027.XSHE,22.1625,16.2832,1126.5273
2017-08-16,002027.XSHE,22.4031,16.46,1138.7589
2017-08-17,002027.XSHE,22.2828,16.3716,1132.6431
2017-08-18,002027.XSHE,21.8978,16.0888,1113.0726
2017-08-21,002027.XSHE,21.9218,16.1064,1114.2957
2017-08-22,002027.XSHE,22.1143,16.2479,1124.0811
2017-08-23,002027.XSHE,21.7775,16.0004,1106.9568
2017-08-24,002027.XSHE,21.0074,15.4346,1067.8158
2017-08-25,002027.XSHE,21.224,15.5937,1078.8242
2017-08-28,002027.XSHE,21.8496,16.0534,1110.6263
2017-08-29,002027.XSHE,21.9218,16.1064,1114.2957
2017-08-30,002027.XSHE,22.5477,16.5661,1146.0978
2017-08-31,002027.XSHE,22.5477,16.5661,1146.0978
2017-09-01,002027.XSHE,22.8605,16.796,1161.9989
2017-09-04,002027.XSHE,22.668,16.6545,1152.2136
2017-09-05,002027.XSHE,22.3792,16.4424,1137.5356
2017-09-06,002027.XSHE,23.7509,17.4501,1207.2557
2017-09-07,002027.XSHE,23.5584,17.3087,1197.4705
2017-09-08,002027.XSHE,24.0637,17.68,1223.1567
2017-09-11,002027.XSHE,24.184,17.7684,1229.2725
2017-09-12,002027.XSHE,23.6546,17.3794,1202.363
2017-09-13,002027.XSHE,23.414,17.2026,1190.1315
2017-09-14,002027.XSHE,23.3899,17.1849,1188.9083
2017-09-15,002027.XSHE,23.2455,17.0788,1181.5695
2017-09-18,002027.XSHE,23.7509,17.4501,1207.2557
2017-09-19,002027.XSHE,23.8231,17.5032,1210.925
2017-09-20,002027.XSHE,24.16,17.7507,1228.0493
2017-09-21,002027.XSHE,23.8953,17.5562,1214.5946
2017-09-22,002027.XSHE,24.0396,17.6623,1221.9335
2017-09-25,002027.XSHE,24.1359,17.733,1226.8262
2017-09-26,002027.XSHE,24.0637,17.68,1223.1567
2017-09-27,002027.XSHE,23.9674,17.6092,1218.2642
2017-09-28,002027.XSHE,23.8712,17.5385,1213.3715
2017-09-29,002027.XSHE,24.184,17.7684,1229.2725
2017-10-09,002027.XSHE,24.9059,18.2987,1265.9672
2017-10-10,002027.XSHE,25.2669,18.5639,1284.3145
2017-10-11,002027.XSHE,26.061,19.1474,1324.6787
2017-10-12,002027.XSHE,26.1091,19.1827,1327.125
2017-10-13,002027.XSHE,26.0851,19.1651,1325.9019
2017-10-16,002027.XSHE,26.831,19.7131,1363.8197
2017-10-17,002027.XSHE,26.2294,19.2711,1333.2408
2017-10-18,002027.XSHE,26.4701,19.4479,1345.4724
2017-10-19,002027.XSHE,27.1679,19.9607,1380.9438
2017-10-20,002027.XSHE,27.9139,20.5087,1418.8618
2017-10-23,002027.XSHE,29.0689,21.3574,1477.5732
2017-10-24,002027.XSHE,28.347,20.827,1440.8785
2017-10-25,002027.XSHE,29.2374,21.4811,1486.1354
2017-10-26,002027.XSHE,29.478,21.6579,1498.3669
2017-10-27,002027.XSHE,29.1652,21.4281,1482.4659
2017-10-30,002027.XSHE,28.4662,17.9137,1486.1354
2017-10-31,002027.XSHE,27.8805,17.5451,1455.5565
2017-11-01,002027.XSHE,27.8336,17.5156,1453.1101
2017-11-02,002027.XSHE,27.7165,17.4419,1446.9944
2017-11-03,002027.XSHE,27.8805,17.5451,1455.5565
2017-11-06,002027.XSHE,29.1925,18.3708,1524.0532
2017-11-07,002027.XSHE,29.1925,18.3708,1524.0532
2017-11-08,002027.XSHE,28.6302,18.0169,1494.6975
2017-11-09,002027.XSHE,28.2085,17.7515,1472.6807
2017-11-10,002027.XSHE,28.4896,17.9284,1487.3585
2017-11-13,002027.XSHE,28.8176,18.1349,1504.4827
2017-11-14,002027.XSHE,29.0051,18.2528,1514.2679
2017-11-15,002027.XSHE,28.3959,17.8695,1482.4659
2017-11-16,002027.XSHE,28.3725,17.8547,1481.2428
2017-11-17,002027.XSHE,29.5908,18.6214,1544.8469
2017-11-20,002027.XSHE,30.6451,19.2849,1599.889
2017-11-21,002027.XSHE,32.0508,20.1695,1673.2784
2017-11-22,002027.XSHE,31.6994,19.9483,1654.931
2017-11-23,002027.XSHE,29.4034,18.5035,1535.0616
2017-11-24,002027.XSHE,29.7782,18.7394,1554.6322
2017-11-27,002027.XSHE,27.8336,17.5156,1453.1101
2017-11-28,002027.XSHE,28.6536,18.0317,1495.9207
2017-11-29,002027.XSHE,28.3959,17.8695,1482.4659
2017-11-30,002027.XSHE,28.1148,17.6925,1467.788
2017-12-01,002027.XSHE,30.3171,19.0785,1582.7648
2017-12-04,002027.XSHE,29.6611,18.6656,1548.5164
2017-12-05,002027.XSHE,29.6611,18.6656,1548.5164
2017-12-06,002027.XSHE,30.3171,19.0785,1582.7648
2017-12-07,002027.XSHE,29.7548,18.7246,1553.4091
2017-12-08,002027.XSHE,30.4577,19.1669,1590.1038
2017-12-11,002027.XSHE,31.4885,19.8156,1643.9226
2017-12-12,002027.XSHE,31.2074,19.6387,1629.2448
2017-12-13,002027.XSHE,31.7228,19.9631,1656.1542
2017-12-14,002027.XSHE,32.1445,20.2285,1678.171
2017-12-15,002027.XSHE,32.2617,20.3022,1684.2867
2017-12-18,002027.XSHE,31.2074,19.6387,1629.2448
2017-12-19,002027.XSHE,31.7228,19.9631,1656.1542
2017-12-20,002027.XSHE,31.8868,20.0663,1664.7163
2017-12-21,002027.XSHE,32.8006,20.6413,1712.4194
2017-12-22,002027.XSHE,32.4023,20.3907,1691.6257
2017-12-25,002027.XSHE,31.9805,20.1253,1669.6089
2017-12-26,002027.XSHE,32.004,20.14,1670.832
2017-12-27,002027.XSHE,31.512,19.8304,1645.1458
2017-12-28,002027.XSHE,32.8943,20.7003,1717.312
2017-12-29,002027.XSHE,32.988,20.7593,1722.2046
2018-01-02,002027.XSHE,32.988,20.7593,1722.2046
2018-01-03,002027.XSHE,32.3086,20.3317,1686.7332
2018-01-04,002027.XSHE,32.004,20.14,1670.832
2018-01-05,002027.XSHE,32.3086,20.3317,1686.7332
2018-01-08,002027.XSHE,31.6525,19.9189,1652.4847
2018-01-09,002027.XSHE,31.4885,19.8156,1643.9226
2018-01-10,002027.XSHE,31.7931,20.0073,1659.8236
2018-01-11,002027.XSHE,31.2542,19.6682,1631.691
2018-01-12,002027.XSHE,31.7463,19.9778,1657.3773
2018-01-15,002027.XSHE,32.0508,20.1695,1673.2784
2018-01-16,002027.XSHE,32.2148,20.2727,1681.8405
2018-01-17,002027.XSHE,32.1211,20.2137,1676.9478
2018-01-18,002027.XSHE,31.6291,19.9041,1651.2615
2018-01-19,002027.XSHE,30.9262,19.4618,1614.5668
2018-01-22,002027.XSHE,32.8474,20.6708,1714.8657
2018-01-23,002027.XSHE,35.12,22.1009,1833.5118
2018-01-24,002027.XSHE,35.2606,22.1894,1840.8508
2018-01-25,002027.XSHE,35.284,22.2041,1842.074
2018-01-26,002027.XSHE,34.8623,21.9388,1820.0573
2018-01-29,002027.XSHE,33.9486,21.3637,1772.354
2018-01-30,002027.XSHE,33.644,21.1721,1756.453
2018-01-31,002027.XSHE,33.5034,21.0836,1749.1141
2018-02-01,002027.XSHE,33.4331,21.0394,1745.4446
2018-02-02,002027.XSHE,34.7452,21.865,1813.9414
2018-02-05,002027.XSHE,33.7846,21.2605,1763.7919
2018-02-06,002027.XSHE,32.4726,20.4349,1695.2952
2018-02-07,002027.XSHE,31.7931,20.0073,1659.8236
2018-02-08,002027.XSHE,31.9337,20.0958,1667.1626
2018-02-09,002027.XSHE,30.5748,19.2406,1596.2195
2018-02-12,002027.XSHE,33.152,20.8625,1730.7667
2018-02-13,002027.XSHE,32.5428,20.4791,1698.9646
2018-02-14,002027.XSHE,32.9411,20.7298,1719.7583
2018-02-22,002027.XSHE,33.7846,21.2605,1763.7919
2018-02-23,002027.XSHE,32.7771,20.6266,1711.1962
2018-02-26,002027.XSHE,33.8783,21.3195,1768.6846
2018-02-27,002027.XSHE,34.6983,21.8355,1811.4951
2018-02-28,002027.XSHE,30.5891,17.7119,1837.1813
2018-03-01,002027.XSHE,30.5076,17.6647,1832.2887
2018-03-02,002027.XSHE,29.693,17.1931,1783.3625
2018-03-05,002027.XSHE,30.1818,17.4761,1812.7181
2018-03-06,002027.XSHE,30.1818,17.4761,1812.7181
2018-03-07,002027.XSHE,29.2653,16.9454,1757.6761
2018-03-08,002027.XSHE,29.8356,17.2756,1791.9246
2018-03-09,002027.XSHE,29.8356,17.2756,1791.9246
2018-03-12,002027.XSHE,30.9149,17.9006,1856.752
2018-03-13,002027.XSHE,30.1207,17.4407,1809.0487
2018-03-14,002027.XSHE,29.7541,17.2284,1787.0319
2018-03-15,002027.XSHE,29.7541,17.2284,1787.0319
2018-03-16,002027.XSHE,28.9599,16.7685,1739.3289
2018-03-19,002027.XSHE,28.2674,16.3676,1697.7415
2018-03-20,002027.XSHE,29.245,16.9336,1756.453
2018-03-21,002027.XSHE,28.0434,16.2379,1684.2867
2018-03-22,002027.XSHE,28.1656,16.3086,1691.6257
2018-03-23,002027.XSHE,27.5954,15.9785,1657.3773
2018-03-26,002027.XSHE,27.7583,16.0728,1667.1626
2018-03-27,002027.XSHE,28.1045,16.2733,1687.9562
2018-03-28,002027.XSHE,27.1677,15.7308,1631.691
2018-03-29,002027.XSHE,26.8418,15.5421,1612.1205
2018-03-30,002027.XSHE,26.2512,15.2002,1576.649
2018-04-02,002027.XSHE,25.8643,14.9761,1553.4091
2018-04-03,002027.XSHE,24.6016,14.245,1477.5732
2018-04-04,002027.XSHE,24.398,14.1271,1465.3417
2018-04-09,002027.XSHE,23.6241,13.679,1418.8618
2018-04-10,002027.XSHE,24.1332,13.9738,1449.4407
2018-04-11,002027.XSHE,25.2737,14.6341,1517.9375
2018-04-12,002027.XSHE,24.7442,14.3275,1486.1354
2018-04-13,002027.XSHE,24.3776,14.1153,1464.1187
2018-04-16,002027.XSHE,23.6444,13.6908,1420.085
2018-04-17,002027.XSHE,22.7076,13.1483,1363.8197
2018-04-18,002027.XSHE,21.6893,12.5587,1302.6619
2018-04-19,002027.XSHE,22.3207,12.9243,1340.5797
2018-04-20,002027.XSHE,21.3431,12.3582,1281.8682
2018-04-23,002027.XSHE,20.8951,12.0988,1254.9587
2018-04-24,002027.XSHE,22.4836,13.0186,1350.365
2018-04-25,002027.XSHE,22.4982,11.8674,1373.605
2018-04-26,002027.XSHE,21.8571,11.5292,1334.4639
2018-04-27,002027.XSHE,22.4982,11.8674,1373.605
2018-05-02,002027.XSHE,22.6985,11.973,1385.8365
2018-05-03,002027.XSHE,22.3379,11.7828,1363.8197
2018-05-04,002027.XSHE,22.1376,11.6771,1351.5881
2018-05-07,002027.XSHE,22.1175,11.6666,1350.365
2018-05-08,002027.XSHE,23.0191,12.1421,1405.407
2018-05-09,002027.XSHE,22.8388,12.047,1394.3986
2018-05-10,002027.XSHE,22.7787,12.0153,1390.7292
2018-05-11,002027.XSHE,23.0792,12.1738,1409.0765
2018-05-14,002027.XSHE,23.7403,12.5225,1449.4407
2018-05-15,002027.XSHE,24.161,12.7445,1475.127
2018-05-16,002027.XSHE,23.9406,12.6282,1461.6722
2018-05-17,002027.XSHE,23.4398,12.364,1431.0933
2018-05-18,002027.XSHE,23.6201,13.9313,1442.1017
2018-05-21,002027.XSHE,24.0408,14.1795,1467.788
2018-05-22,002027.XSHE,23.7002,13.9786,1446.9944
2018-05-23,002027.XSHE,23.1393,13.6477,1412.746
2018-05-24,002027.XSHE,22.8187,13.4587,1393.1755
2018-05-25,002027.XSHE,23.1593,13.6596,1413.9691
2018-05-28,002027.XSHE,23.5199,13.8723,1435.986
2018-05-29,002027.XSHE,23.2194,13.695,1417.6385
2018-05-30,002027.XSHE,23.1793,13.6714,1415.1923
2018-05-31,002027.XSHE,25.0225,14.7585,1527.7227
2018-06-01,002027.XSHE,24.6017,14.5103,1502.0364
2018-06-04,002027.XSHE,25.1226,14.8176,1533.8385
2018-06-05,002027.XSHE,25.2829,14.9121,1543.6237
2018-06-06,002027.XSHE,25.0225,14.7585,1527.7227
2018-06-07,002027.XSHE,25.0826,14.7939,1531.3922
2018-06-08,002027.XSHE,24.762,14.6049,1511.8217
2018-06-11,002027.XSHE,24.4014,14.3922,1489.8048
2018-06-12,002027.XSHE,25.363,14.9593,1548.5164
2018-06-13,002027.XSHE,25.4031,14.983,1550.9626
2018-06-14,002027.XSHE,24.8221,14.6403,1515.4911
2018-06-15,002027.XSHE,24.742,14.593,1510.5985
2018-06-19,002027.XSHE,23.9607,14.1322,1462.8954
2018-06-20,002027.XSHE,24.9824,14.7348,1525.2764
2018-06-21,002027.XSHE,24.4615,14.4276,1493.4742
2018-06-22,002027.XSHE,24.2411,14.2976,1480.0197
2018-06-25,002027.XSHE,23.7203,13.9904,1448.2175
2018-06-26,002027.XSHE,23.7603,14.014,1450.6638
2018-06-27,002027.XSHE,22.4781,13.2578,1372.3818
2018-06-28,002027.XSHE,21.7369,12.8206,1327.125
2018-06-29,002027.XSHE,23.007,13.5698,1404.6731
2018-07-02,002027.XSHE,22.7907,13.4421,1391.4631
2018-07-03,002027.XSHE,22.959,13.5414,1401.7375
2018-07-04,002027.XSHE,22.7426,13.4138,1388.5275
2018-07-05,002027.XSHE,22.0694,13.0168,1347.4294
2018-07-06,002027.XSHE,22.8868,13.4989,1397.3342
2018-07-09,002027.XSHE,23.4157,13.8108,1429.6255
2018-07-10,002027.XSHE,23.56,13.8959,1438.4323
2018-07-11,002027.XSHE,23.2955,13.7399,1422.2866
2018-07-12,002027.XSHE,23.9206,14.1086,1460.4491
2018-07-13,002027.XSHE,24.5697,14.4914,1500.0793
2018-07-16,002027.XSHE,24.3533,14.3638,1486.8693
2018-07-17,002027.XSHE,24.4014,14.3922,1489.8048
2018-07-18,002027.XSHE,23.8966,14.0944,1458.9813
2018-07-19,002027.XSHE,26.2766,15.4982,1604.2924
2018-07-20,002027.XSHE,26.3728,15.5549,1610.1635
2018-07-23,002027.XSHE,26.493,15.6258,1617.5024
2018-07-24,002027.XSHE,26.2285,15.4698,1601.3567
2018-07-25,002027.XSHE,27.2863,16.0937,1665.9395
2018-07-26,002027.XSHE,26.5891,15.6825,1623.3737
2018-07-27,002027.XSHE,26.5651,15.6683,1621.9058
2018-07-30,002027.XSHE,25.9641,15.3138,1585.2111
2018-07-31,002027.XSHE,22.8173,12.4439,1555.8553
2018-08-01,002027.XSHE,22.7312,12.3969,1549.9843
2018-08-02,002027.XSHE,22.4298,12.2326,1529.4351
2018-08-03,002027.XSHE,22.0424,12.0213,1503.0149
2018-08-06,002027.XSHE,21.7841,11.8804,1485.4015
2018-08-07,002027.XSHE,22.9249,12.5026,1563.1942
2018-08-08,002027.XSHE,22.5805,12.3148,1539.7096
2018-08-09,002027.XSHE,23.2048,12.6552,1582.2755
2018-08-10,002027.XSHE,22.968,12.5261,1566.1298
2018-08-13,002027.XSHE,22.6666,12.3617,1545.5808
2018-08-14,002027.XSHE,22.2361,12.1269,1516.225
2018-08-15,002027.XSHE,21.8702,11.9274,1491.2726
2018-08-16,002027.XSHE,20.8154,11.3521,1419.351
2018-08-17,002027.XSHE,19.5239,10.6478,1331.2837
2018-08-20,002027.XSHE,19.1149,10.4247,1303.3958
2018-08-21,002027.XSHE,19.9974,10.906,1363.5751
2018-08-22,002027.XSHE,19.8037,10.8004,1350.365
2018-08-23,002027.XSHE,19.8898,10.8473,1356.2361
2018-08-24,002027.XSHE,19.4808,10.6243,1328.3481
2018-08-27,002027.XSHE,20.1696,10.9999,1375.3174
2018-08-28,002027.XSHE,20.2988,11.0704,1384.1241
2018-08-29,002027.XSHE,18.4262,10.049,1256.4266
2018-08-30,002027.XSHE,18.6845,10.1899,1274.04
2018-08-31,002027.XSHE,18.4907,10.0843,1260.83
2018-09-03,002027.XSHE,18.1894,9.9199,1240.2809
2018-09-04,002027.XSHE,18.5338,10.1077,1263.7655
2018-09-05,002027.XSHE,18.0387,9.8377,1230.0063
2018-09-06,002027.XSHE,17.1992,9.3799,1172.7626
2018-09-07,002027.XSHE,16.7687,9.1451,1143.4069
2018-09-10,002027.XSHE,16.3381,8.9103,1114.0511
2018-09-11,002027.XSHE,16.2305,8.8516,1106.7122
2018-09-12,002027.XSHE,16.2951,8.8868,1111.1155
2018-09-13,002027.XSHE,15.9292,8.6873,1086.1631
2018-09-14,002027.XSHE,16.5319,9.016,1127.2612
2018-09-17,002027.XSHE,16.1875,8.8281,1103.7766
2018-09-18,002027.XSHE,16.8548,9.1921,1149.278
2018-09-19,002027.XSHE,17.4144,9.4973,1187.4406
2018-09-20,002027.XSHE,17.3714,9.4738,1184.5049
2018-09-21,002027.XSHE,17.888,9.7555,1219.7319
2018-09-25,002027.XSHE,17.4575,9.5208,1190.3761
2018-09-26,002027.XSHE,17.8019,9.7086,1213.8607
2018-09-27,002027.XSHE,17.7373,9.6734,1209.4573
2018-09-28,002027.XSHE,18.3185,9.9903,1249.0876
2018-10-08,002027.XSHE,17.1131,9.3329,1166.8915
2018-10-09,002027.XSHE,16.7256,9.1216,1140.4713
2018-10-10,002027.XSHE,16.618,9.0629,1133.1324
2018-10-11,002027.XSHE,15.6924,8.5581,1070.0175
2018-10-12,002027.XSHE,16.3166,8.8986,1112.5833
2018-10-15,002027.XSHE,15.9937,8.7225,1090.5665
2018-10-16,002027.XSHE,15.7785,8.6051,1075.8885
2018-10-17,002027.XSHE,16.252,8.8633,1108.1801
2018-10-18,002027.XSHE,15.7785,8.6051,1075.8885
2018-10-19,002027.XSHE,16.1014,8.7812,1097.9054
2018-10-22,002027.XSHE,16.8117,9.1686,1146.3424
2018-10-23,002027.XSHE,15.9076,8.6755,1084.6954
2018-10-24,002027.XSHE,15.3695,8.382,1048.0007
2018-10-25,002027.XSHE,15.2403,8.3116,1039.1938
2018-10-26,002027.XSHE,14.8098,8.0768,1009.8382
2018-10-29,002027.XSHE,13.7981,7.525,940.8521
2018-10-30,002027.XSHE,12.4693,6.3575,860.1238
2018-10-31,002027.XSHE,12.7672,6.5094,880.6728
2018-11-01,002027.XSHE,13.1289,6.6938,905.6252
2018-11-02,002027.XSHE,14.4057,7.3448,993.6925
2018-11-05,002027.XSHE,13.8099,7.041,952.5944
2018-11-06,002027.XSHE,13.363,6.8132,921.7709
2018-11-07,002027.XSHE,13.3843,6.824,923.2387
2018-11-08,002027.XSHE,13.0651,6.6613,901.2218
2018-11-09,002027.XSHE,12.1714,6.2056,839.5748
2018-11-12,002027.XSHE,12.4267,6.3358,857.1882
2018-11-13,002027.XSHE,13.2992,6.7806,917.3675
2018-11-14,002027.XSHE,12.98,6.6179,895.3507
2018-11-15,002027.XSHE,13.1289,6.6938,905.6252
2018-11-16,002027.XSHE,13.2353,6.7481,912.9642
2018-11-19,002027.XSHE,13.4268,6.8457,926.1742
2018-11-20,002027.XSHE,12.7672,6.5094,880.6728
2018-11-21,002027.XSHE,12.7885,6.5202,882.1406
2018-11-22,002027.XSHE,12.9162,6.5853,890.9473
2018-11-23,002027.XSHE,12.4693,6.3575,860.1238
2018-11-26,002027.XSHE,12.4267,6.3358,857.1882
2018-11-27,002027.XSHE,12.3416,6.2924,851.3171
2018-11-28,002027.XSHE,12.5544,6.4009,865.9949
2018-11-29,002027.XSHE,12.214,6.2273,842.5103
2018-11-30,002027.XSHE,12.2352,6.2382,843.9781
2018-12-03,002027.XSHE,13.2779,6.7698,915.8997
2018-12-04,002027.XSHE,13.0864,6.6721,902.6896
2018-12-05,002027.XSHE,12.9587,6.607,893.8829
2018-12-06,002027.XSHE,12.4693,6.3575,860.1238
2018-12-07,002027.XSHE,12.5119,6.3792,863.0594
2018-12-10,002027.XSHE,12.5331,6.3901,864.5271
2018-12-11,002027.XSHE,13.0225,6.6396,898.2863
2018-12-12,002027.XSHE,13.0225,6.6396,898.2863
2018-12-13,002027.XSHE,13.0864,6.6721,902.6896
2018-12-14,002027.XSHE,13.2779,6.7698,915.8997
2018-12-17,002027.XSHE,13.4907,6.8783,930.5776
2018-12-18,002027.XSHE,12.98,6.6179,895.3507
2018-12-19,002027.XSHE,12.7034,6.4768,876.2695
2018-12-20,002027.XSHE,12.7459,6.4985,879.205
2018-12-21,002027.XSHE,12.1501,6.1948,838.107
2018-12-24,002027.XSHE,12.065,6.1514,832.2358
2018-12-25,002027.XSHE,12.1714,6.2056,839.5748
2018-12-26,002027.XSHE,11.9373,6.0863,823.4291
2018-12-27,002027.XSHE,11.3415,5.7825,782.331
2018-12-28,002027.XSHE,11.15,5.6849,769.1209
2019-01-02,002027.XSHE,10.6819,5.4462,736.8296
2019-01-03,002027.XSHE,10.8521,5.533,748.5719
2019-01-04,002027.XSHE,11.1713,5.6957,770.5887
2019-01-07,002027.XSHE,11.2777,5.75,777.9277
2019-01-08,002027.XSHE,11.8309,6.032,816.0901
2019-01-09,002027.XSHE,11.8097,6.0212,814.6224
2019-01-10,002027.XSHE,11.9586,6.0971,824.8969
2019-01-11,002027.XSHE,11.8948,6.0646,820.4935
2019-01-14,002027.XSHE,11.4266,5.8259,788.2022
2019-01-15,002027.XSHE,11.7245,5.9778,808.7512
2019-01-16,002027.XSHE,12.1076,6.1731,835.1714
2019-01-17,002027.XSHE,12.0863,6.1622,833.7036
2019-01-18,002027.XSHE,12.2565,6.249,845.4459
2019-01-21,002027.XSHE,12.5331,6.3901,864.5271
2019-01-22,002027.XSHE,12.1714,6.2056,839.5748
2019-01-23,002027.XSHE,11.9373,6.0863,823.4291
2019-01-24,002027.XSHE,12.0437,6.1405,830.768
2019-01-25,002027.XSHE,12.2991,6.2707,848.3815
2019-01-28,002027.XSHE,12.2565,6.249,845.4459
2019-01-29,002027.XSHE,12.0437,6.1405,830.768
2019-01-30,002027.XSHE,11.9586,6.0971,824.8969
2019-01-31,002027.XSHE,11.5756,5.9018,798.4767
2019-02-01,002027.XSHE,12.0225,6.1297,829.3002
2019-02-11,002027.XSHE,13.1928,6.7264,910.0286
2019-02-12,002027.XSHE,13.512,6.8891,932.0454
2019-02-13,002027.XSHE,13.7035,6.9867,945.2555
2019-02-14,002027.XSHE,14.1503,7.2146,976.079
2019-02-15,002027.XSHE,13.4907,6.8783,930.5776
2019-02-18,002027.XSHE,14.0865,7.182,971.6757
2019-02-19,002027.XSHE,13.7247,6.9976,946.7233
2019-02-20,002027.XSHE,14.0652,7.1712,970.2079
2019-02-21,002027.XSHE,14.661,7.4749,1011.306
2019-02-22,002027.XSHE,14.8951,7.5943,1027.4517
2019-02-25,002027.XSHE,15.3632,7.833,1059.743
2019-02-26,002027.XSHE,15.1717,7.7353,1046.533
2019-02-27,002027.XSHE,17.4029,7.142,1014.2415
2019-02-28,002027.XSHE,16.9748,6.9663,989.2891
2019-03-01,002027.XSHE,17.3274,7.111,1009.8382
2019-03-04,002027.XSHE,17.3777,7.1316,1012.7737
2019-03-05,002027.XSHE,17.6044,7.2247,1025.9838
2019-03-06,002027.XSHE,17.4281,7.1523,1015.7093
2019-03-07,002027.XSHE,17.1511,7.0386,999.5636
2019-03-08,002027.XSHE,16.2948,6.6872,949.6589
2019-03-11,002027.XSHE,16.7229,6.8629,974.6113
2019-03-12,002027.XSHE,17.6296,7.235,1027.4517
2019-03-13,002027.XSHE,16.9748,6.9663,989.2891
2019-03-14,002027.XSHE,16.9496,6.9559,987.8213
2019-03-15,002027.XSHE,17.0251,6.9869,992.2247
2019-03-18,002027.XSHE,17.6044,7.2247,1025.9838
2019-03-19,002027.XSHE,17.1511,7.0386,999.5636
2019-03-20,002027.XSHE,17.8562,7.328,1040.6617
2019-03-21,002027.XSHE,17.7051,7.266,1031.855
2019-03-22,002027.XSHE,17.4785,7.173,1018.6449
2019-03-25,002027.XSHE,16.6474,6.8319,970.2079
2019-03-26,002027.XSHE,16.3703,6.7182,954.0622
2019-03-27,002027.XSHE,16.0681,6.5942,936.4488
2019-03-28,002027.XSHE,15.8918,6.5218,926.1742
2019-03-29,002027.XSHE,15.7911,6.4805,920.3031
2019-04-01,002027.XSHE,16.7229,6.8629,974.6113
2019-04-02,002027.XSHE,16.6222,6.8216,968.7401
2019-04-03,002027.XSHE,16.8488,6.9146,981.9502
2019-04-04,002027.XSHE,17.8562,7.328,1040.6617
2019-04-08,002027.XSHE,18.1585,7.452,1058.2751
2019-04-09,002027.XSHE,18.1081,7.4314,1055.3396
2019-04-10,002027.XSHE,18.3096,7.5141,1067.0819
2019-04-11,002027.XSHE,17.5792,7.2143,1024.516
2019-04-12,002027.XSHE,17.6296,7.235,1027.4517
2019-04-15,002027.XSHE,17.1259,7.0283,998.0959
2019-04-16,002027.XSHE,17.4281,7.1523,1015.7093
2019-04-17,002027.XSHE,17.2518,7.08,1005.4348
2019-04-18,002027.XSHE,17.0251,6.9869,992.2247
2019-04-19,002027.XSHE,17.4785,7.173,1018.6449
2019-04-22,002027.XSHE,17.2518,7.08,1005.4348
2019-04-23,002027.XSHE,17.9066,7.3487,1043.5973
2019-04-24,002027.XSHE,17.7051,7.266,1031.855
2019-04-25,002027.XSHE,19.3695,6.8098,959.9334
2019-04-26,002027.XSHE,18.2737,6.4246,905.6252
2019-04-29,002027.XSHE,18.2441,6.4141,904.1574
2019-04-30,002027.XSHE,18.0664,6.3517,895.3507
2019-05-06,002027.XSHE,17.474,6.1434,865.9949
2019-05-07,002027.XSHE,17.5925,6.1851,871.8661
2019-05-08,002027.XSHE,17.3556,6.1018,860.1238
2019-05-09,002027.XSHE,16.9113,5.9456,838.107
2019-05-10,002027.XSHE,17.474,6.1434,865.9949
2019-05-13,002027.XSHE,17.0594,5.9976,845.4459
2019-05-14,002027.XSHE,16.7929,5.9039,832.2358
2019-05-15,002027.XSHE,16.9706,5.9664,841.0425
2019-05-16,002027.XSHE,16.8817,5.9352,836.6392
2019-05-17,002027.XSHE,16.8817,5.9352,836.6392
2019-05-20,002027.XSHE,16.3486,5.7477,810.219
2019-05-21,002027.XSHE,16.5263,5.8102,819.0257
2019-05-22,002027.XSHE,16.4671,5.7894,816.0901
2019-05-23,002027.XSHE,15.7563,5.5395,780.8632
2019-05-24,002027.XSHE,15.4601,5.4354,766.1854
2019-05-27,002027.XSHE,15.5489,6.0902,770.5887
2019-05-28,002027.XSHE,16.0228,6.2758,794.0733
2019-05-29,002027.XSHE,16.0228,6.2758,794.0733
2019-05-30,002027.XSHE,16.4671,6.4498,816.0901
2019-05-31,002027.XSHE,16.4671,6.4498,816.0901
2019-06-03,002027.XSHE,16.082,6.299,797.0089
2019-06-04,002027.XSHE,16.2005,6.3454,802.8801
2019-06-05,002027.XSHE,16.1117,6.3106,798.4767
2019-06-06,002027.XSHE,15.6674,6.1366,776.4599
2019-06-10,002027.XSHE,15.697,6.1482,777.9277
2019-06-11,002027.XSHE,16.2894,6.3802,807.2834
2019-06-12,002027.XSHE,16.2301,6.357,804.3478
2019-06-13,002027.XSHE,16.2597,6.3686,805.8156
2019-06-14,002027.XSHE,16.082,6.299,797.0089
2019-06-17,002027.XSHE,16.0228,6.2758,794.0733
2019-06-18,002027.XSHE,15.934,6.241,789.67
2019-06-19,002027.XSHE,16.1117,6.3106,798.4767
2019-06-20,002027.XSHE,16.3782,6.415,811.6868
2019-06-21,002027.XSHE,16.8521,6.6006,835.1714
2019-06-24,002027.XSHE,16.5855,6.4962,821.9613
2019-06-25,002027.XSHE,16.082,6.299,797.0089
2019-06-26,002027.XSHE,16.0524,6.2874,795.5411
2019-06-27,002027.XSHE,15.9636,6.2526,791.1377
2019-06-28,002027.XSHE,15.6674,6.1366,776.4599
2019-07-01,002027.XSHE,16.1709,6.3338,801.4123
2019-07-02,002027.XSHE,16.082,6.299,797.0089
2019-07-03,002027.XSHE,15.9636,6.2526,791.1377
2019-07-04,002027.XSHE,15.8451,6.2062,785.2666
2019-07-05,002027.XSHE,15.8155,6.1946,783.7988
2019-07-08,002027.XSHE,15.4305,6.0438,764.7176
2019-07-09,002027.XSHE,15.5193,6.0786,769.1209
2019-07-10,002027.XSHE,15.312,5.9974,758.8464
2019-07-11,002027.XSHE,15.3416,6.009,760.3142
2019-07-12,002027.XSHE,15.312,5.9974,758.8464
2019-07-15,002027.XSHE,15.4305,6.0438,764.7176
2019-07-16,002027.XSHE,15.4009,6.0322,763.2498
2019-07-17,002027.XSHE,15.6378,6.125,774.9921
2019-07-18,002027.XSHE,15.1935,5.951,752.9753
2019-07-19,002027.XSHE,14.5716,5.7074,722.1517
2019-07-22,002027.XSHE,14.0681,5.5102,697.1993
2019-07-23,002027.XSHE,14.2162,5.5682,704.5383
2019-07-24,002027.XSHE,14.305,5.603,708.9416
2019-07-25,002027.XSHE,14.2458,5.5798,706.006
2019-07-26,002027.XSHE,14.3346,5.6146,710.4094
2019-07-29,002027.XSHE,14.3346,5.6146,710.4094
2019-07-30,002027.XSHE,23.5152,5.9741,764.7176
2019-07-31,002027.XSHE,22.8382,5.8021,742.7007
2019-08-01,002027.XSHE,22.793,5.7907,741.233
2019-08-02,002027.XSHE,22.4771,5.7104,730.9584
2019-08-05,002027.XSHE,21.9355,5.5728,713.345
2019-08-06,002027.XSHE,21.8903,5.5613,711.8772
2019-08-07,002027.XSHE,21.8903,5.5613,711.8772
2019-08-08,002027.XSHE,22.5674,5.7333,733.894
2019-08-09,002027.XSHE,22.8833,5.8136,744.1685
2019-08-12,002027.XSHE,22.9736,5.8365,747.1041
2019-08-13,002027.XSHE,22.2514,5.6531,723.6195
2019-08-14,002027.XSHE,21.9806,5.5843,714.8128
2019-08-15,002027.XSHE,22.116,5.6187,719.2161
2019-08-16,002027.XSHE,22.0257,5.5957,716.2806
2019-08-19,002027.XSHE,22.6576,5.7563,736.8296
2019-08-20,002027.XSHE,22.9284,5.8251,745.6363
2019-08-21,002027.XSHE,22.5222,5.7219,732.4262
2019-08-22,002027.XSHE,23.366,5.9397,760.3142
2019-08-23,002027.XSHE,23.1404,5.8824,752.9753
2019-08-26,002027.XSHE,22.6893,5.7677,738.2974
2019-08-27,002027.XSHE,23.366,5.9397,760.3142
2019-08-28,002027.XSHE,23.7719,6.0429,773.5243
2019-08-29,002027.XSHE,24.629,6.2608,801.4123
2019-08-30,002027.XSHE,24.223,6.1576,788.2022
2019-09-02,002027.XSHE,25.0801,6.3755,816.0901
2019-09-03,002027.XSHE,25.1703,6.3984,819.0257
2019-09-04,002027.XSHE,24.9899,6.3525,813.1546
2019-09-05,002027.XSHE,24.629,6.2608,801.4123
2019-09-06,002027.XSHE,24.8094,6.3067,807.2834
2019-09-09,002027.XSHE,25.8018,6.5589,839.5748
2019-09-10,002027.XSHE,25.892,6.5819,842.5103
2019-09-11,002027.XSHE,25.5312,6.4901,830.768
2019-09-12,002027.XSHE,25.5312,6.4901,830.768
2019-09-16,002027.XSHE,25.035,6.364,814.6224
2019-09-17,002027.XSHE,24.7192,6.2837,804.3478
2019-09-18,002027.XSHE,24.7643,6.2952,805.8156
2019-09-19,002027.XSHE,24.629,6.2608,801.4123
2019-09-20,002027.XSHE,24.4937,6.2264,797.0089
2019-09-23,002027.XSHE,24.1328,6.1347,785.2666
2019-09-24,002027.XSHE,24.1328,6.1347,785.2666
2019-09-25,002027.XSHE,24.4486,6.2149,795.5411
2019-09-26,002027.XSHE,24.5388,6.2379,798.4767
2019-09-27,002027.XSHE,24.0877,6.1232,783.7988
2019-09-30,002027.XSHE,23.6817,6.02,770.5887
2019-10-08,002027.XSHE,23.4111,5.9512,761.782
2019-10-09,002027.XSHE,23.1404,5.8824,752.9753
2019-10-10,002027.XSHE,23.2306,5.9053,755.9108
2019-10-11,002027.XSHE,23.2757,5.9168,757.3786
2019-10-14,002027.XSHE,24.5839,6.2493,799.9445
2019-10-15,002027.XSHE,23.9524,6.0888,779.3954
2019-10-16,002027.XSHE,24.9447,6.3411,811.6868
2019-10-17,002027.XSHE,25.486,6.4787,829.3002
2019-10-18,002027.XSHE,25.3507,6.4443,824.8969
2019-10-21,002027.XSHE,25.3958,6.4557,826.3647
2019-10-22,002027.XSHE,25.2605,6.4213,821.9613
2019-10-23,002027.XSHE,24.7643,6.2952,805.8156
2019-10-24,002027.XSHE,25.486,6.4787,829.3002
2019-10-25,002027.XSHE,25.486,6.4787,829.3002
2019-10-28,002027.XSHE,25.4409,6.4672,827.8324
2019-10-29,002027.XSHE,26.5686,6.7539,864.5271
2019-10-30,002027.XSHE,27.2904,6.9373,888.0118
2019-10-31,002027.XSHE,37.1034,6.5373,880.6728
2019-11-01,002027.XSHE,38.0929,6.7117,904.1574
2019-11-04,002027.XSHE,38.3402,6.7552,910.0286
2019-11-05,002027.XSHE,38.0929,6.7117,904.1574
2019-11-06,002027.XSHE,37.9692,6.6899,901.2218
2019-11-07,002027.XSHE,37.5981,6.6245,892.4151
2019-11-08,002027.XSHE,36.9798,6.5155,877.7372
2019-11-11,002027.XSHE,36.485,6.4284,865.9949
2019-11-12,002027.XSHE,36.485,6.4284,865.9949
2019-11-13,002027.XSHE,36.485,6.4284,865.9949
2019-11-14,002027.XSHE,35.743,6.2976,848.3815
2019-11-15,002027.XSHE,36.114,6.363,857.1882
2019-11-18,002027.XSHE,36.3614,6.4066,863.0594
2019-11-19,002027.XSHE,37.5981,6.6245,892.4151
2019-11-20,002027.XSHE,36.8561,6.4937,874.8017
2019-11-21,002027.XSHE,36.6087,6.4502,868.9305
2019-11-22,002027.XSHE,36.114,6.363,857.1882
2019-11-25,002027.XSHE,36.3614,6.4066,863.0594
2019-11-26,002027.XSHE,35.9903,6.3412,854.2526
2019-11-27,002027.XSHE,35.3719,6.2322,839.5748
2019-11-28,002027.XSHE,34.6299,6.1015,821.9613
2019-11-29,002027.XSHE,34.6299,6.1015,821.9613
2019-12-02,002027.XSHE,35.743,6.2976,848.3815
2019-12-03,002027.XSHE,35.743,6.2976,848.3815
2019-12-04,002027.XSHE,35.5575,6.2649,843.9781
2019-12-05,002027.XSHE,35.5575,6.2649,843.9781
2019-12-06,002027.XSHE,34.8772,6.1451,827.8324
2019-12-09,002027.XSHE,34.6917,6.1124,823.4291
2019-12-10,002027.XSHE,34.6299,6.1015,821.9613
2019-12-11,002027.XSHE,34.6299,6.1015,821.9613
2019-12-12,002027.XSHE,34.197,6.0252,811.6868
2019-12-13,002027.XSHE,35.8667,6.3194,851.3171
2019-12-16,002027.XSHE,36.2377,6.3848,860.1238
2019-12-17,002027.XSHE,36.2377,6.3848,860.1238
2019-12-18,002027.XSHE,38.5876,6.7988,915.8997
2019-12-19,002027.XSHE,38.5257,6.7879,914.4319
2019-12-20,002027.XSHE,38.8968,6.8533,923.2387
2019-12-23,002027.XSHE,37.5981,6.6245,892.4151
2019-12-24,002027.XSHE,39.1441,6.8969,929.1098
2019-12-25,002027.XSHE,39.7007,6.9949,942.3199
2019-12-26,002027.XSHE,39.3296,6.9296,933.5132
2019-12-27,002027.XSHE,38.5876,6.7988,915.8997
2019-12-30,002027.XSHE,38.9586,6.8642,924.7065
2019-12-31,002027.XSHE,38.7113,6.8206,918.8353
2020-01-02,002027.XSHE,40.3809,7.1148,958.4656
2020-01-03,002027.XSHE,40.8756,7.202,970.2079
2020-01-06,002027.XSHE,40.8138,7.1911,968.7401
2020-01-07,002027.XSHE,40.8756,7.202,970.2079
2020-01-08,002027.XSHE,40.7519,7.1802,967.2723
2020-01-09,002027.XSHE,42.7926,7.5397,1015.7093
2020-01-10,002027.XSHE,43.04,7.5833,1021.5805
2020-01-13,002027.XSHE,42.4834,7.4852,1008.3704
2020-01-14,002027.XSHE,42.2979,7.4525,1003.967
2020-01-15,002027.XSHE,41.6177,7.3327,987.8213
2020-01-16,002027.XSHE,40.7519,7.1802,967.2723
2020-01-17,002027.XSHE,40.5046,7.1366,961.4012
2020-01-20,002027.XSHE,40.0099,7.0494,949.6589
2020-01-21,002027.XSHE,38.7731,6.8315,920.3031
2020-01-22,002027.XSHE,38.8968,6.8533,923.2387
2020-01-23,002027.XSHE,36.3614,6.4066,863.0594
2020-02-03,002027.XSHE,32.7129,5.7637,776.4599
2020-02-04,002027.XSHE,31.8471,5.6112,755.9108
2020-02-05,002027.XSHE,32.7747,5.7746,777.9277
2020-02-06,002027.XSHE,33.2694,5.8618,789.67
2020-02-07,002027.XSHE,32.8984,5.7964,780.8632
2020-02-10,002027.XSHE,33.826,5.9599,802.8801
2020-02-11,002027.XSHE,35.1864,6.1996,835.1714
2020-02-12,002027.XSHE,35.1864,6.1996,835.1714
2020-02-13,002027.XSHE,34.0115,5.9925,807.2834
2020-02-14,002027.XSHE,34.3825,6.0579,816.0901
2020-02-17,002027.XSHE,34.8154,6.1342,826.3647
2020-02-18,002027.XSHE,35.0009,6.1669,830.768
2020-02-19,002027.XSHE,34.3825,6.0579,816.0901
2020-02-20,002027.XSHE,36.1758,6.3739,858.656
2020-02-21,002027.XSHE,35.6193,6.2758,845.4459
2020-02-24,002027.XSHE,34.8154,6.1342,826.3647
2020-02-25,002027.XSHE,34.3207,6.047,814.6224
2020-02-26,002027.XSHE,35.0009,6.1669,830.768
2020-02-27,002027.XSHE,34.4444,6.0688,817.5579
2020-02-28,002027.XSHE,41.8026,5.6884,783.7988
2020-03-02,002027.XSHE,42.6637,5.8055,799.9445
2020-03-03,002027.XSHE,42.2723,5.7523,792.6055
2020-03-04,002027.XSHE,42.4289,5.7736,795.5411
2020-03-05,002027.XSHE,43.3682,5.9014,813.1546
2020-03-06,002027.XSHE,42.5854,5.7949,798.4767
2020-03-09,002027.XSHE,41.1763,5.6031,772.0565
2020-03-10,002027.XSHE,41.646,5.6671,780.8632
2020-03-11,002027.XSHE,40.9415,5.5712,767.6531
2020-03-12,002027.XSHE,39.8456,5.422,747.1041
2020-03-13,002027.XSHE,39.141,5.3262,733.894
2020-03-16,002027.XSHE,36.7926,5.0066,689.8604
2020-03-17,002027.XSHE,35.6966,4.8575,669.3113
2020-03-18,002027.XSHE,33.8178,4.6018,634.0844
2020-03-19,002027.XSHE,33.2699,4.5273,623.8099
2020-03-20,002027.XSHE,33.9744,4.6231,637.02
2020-03-23,002027.XSHE,33.1916,4.5166,622.3421
2020-03-24,002027.XSHE,33.2699,4.5273,623.8099
2020-03-25,002027.XSHE,34.2875,4.6657,642.8912
2020-03-26,002027.XSHE,33.8178,4.6018,634.0844
2020-03-27,002027.XSHE,33.8178,4.6018,634.0844
2020-03-30,002027.XSHE,32.0956,4.3675,601.7931
2020-03-31,002027.XSHE,34.6007,4.7083,648.7623
2020-04-01,002027.XSHE,34.2875,4.6657,642.8912
2020-04-02,002027.XSHE,34.5224,4.6977,647.2945
2020-04-03,002027.XSHE,32.5653,4.4314,610.5998
2020-04-07,002027.XSHE,32.9567,4.4846,617.9388
2020-04-08,002027.XSHE,32.0956,4.3675,601.7931
2020-04-09,002027.XSHE,32.0173,4.3568,600.3253
2020-04-10,002027.XSHE,31.6259,4.3036,592.9864
2020-04-13,002027.XSHE,30.53,4.1544,572.4373
2020-04-14,002027.XSHE,32.1739,4.3781,603.2609
2020-04-15,002027.XSHE,33.6613,4.5805,631.1489
2020-04-16,002027.XSHE,33.3481,4.5379,625.2777
2020-04-17,002027.XSHE,33.8961,4.6125,635.5522
2020-04-20,002027.XSHE,34.7572,4.7296,651.6979
2020-04-21,002027.XSHE,34.131,4.6444,639.9556
2020-04-22,002027.XSHE,34.6007,4.7083,648.7623
2020-04-23,002027.XSHE,34.2875,4.6657,642.8912
2020-04-24,002027.XSHE,33.7396,4.5912,632.6166
2020-04-27,002027.XSHE,35.2269,4.7938,660.5046
2020-04-28,002027.XSHE,43.1157,4.8869,678.1181
2020-04-29,002027.XSHE,44.2356,5.0138,695.7315
2020-04-30,002027.XSHE,44.9822,5.0984,707.4738
2020-05-06,002027.XSHE,47.9686,5.4369,754.443
2020-05-07,002027.XSHE,46.2888,5.2465,728.0229
2020-05-08,002027.XSHE,46.6621,5.2888,733.894
2020-05-11,002027.XSHE,47.502,5.384,747.1041
2020-05-12,002027.XSHE,46.6621,5.2888,733.894
2020-05-13,002027.XSHE,46.942,5.3206,738.2974
2020-05-14,002027.XSHE,45.7288,5.183,719.2161
2020-05-15,002027.XSHE,45.8221,5.1936,720.6839
2020-05-18,002027.XSHE,45.5422,5.1619,716.2806
2020-05-19,002027.XSHE,45.3555,5.1407,713.345
2020-05-20,002027.XSHE,46.3821,5.2571,729.4906
2020-05-21,002027.XSHE,45.6355,5.1725,717.7483
2020-05-22,002027.XSHE,44.4223,5.035,698.6671
2020-05-25,002027.XSHE,44.049,4.9927,692.7959
2020-05-26,002027.XSHE,46.6621,5.2888,733.894
2020-05-27,002027.XSHE,45.8221,5.1936,720.6839
2020-05-28,002027.XSHE,45.5422,5.1619,716.2806
2020-05-29,002027.XSHE,46.1021,5.2254,725.0873
2020-06-01,002027.XSHE,47.7819,5.4158,751.5075
2020-06-02,002027.XSHE,46.942,5.3206,738.2974
2020-06-03,002027.XSHE,48.3419,5.4792,760.3142
2020-06-04,002027.XSHE,49.5551,5.6167,779.3954
2020-06-05,002027.XSHE,51.1416,5.7966,804.3478
2020-06-08,002027.XSHE,50.2084,5.6908,789.67
2020-06-09,002027.XSHE,50.5817,5.7331,795.5411
2020-06-10,002027.XSHE,49.3685,5.5956,776.4599
2020-06-11,002027.XSHE,48.5285,5.5004,763.2498
2020-06-12,002027.XSHE,49.0885,5.5638,772.0565
2020-06-15,002027.XSHE,47.502,5.384,747.1041
2020-06-16,002027.XSHE,48.9952,5.5533,770.5887
2020-06-17,002027.XSHE,48.7152,5.5215,766.1854
2020-06-18,002027.XSHE,48.8085,5.5321,767.6531
2020-06-19,002027.XSHE,48.4352,5.4898,761.782
2020-06-22,002027.XSHE,49.9284,5.659,785.2666
2020-06-23,002027.XSHE,51.8882,5.8812,816.0901
2020-06-24,002027.XSHE,51.7949,5.8706,814.6224
2020-06-29,002027.XSHE,50.5817,5.7331,795.5411
2020-06-30,002027.XSHE,51.9815,6.3545,817.5579
2020-07-01,002027.XSHE,54.0347,6.6054,849.8493
2020-07-02,002027.XSHE,53.848,6.5826,846.9137
2020-07-03,002027.XSHE,53.0081,6.4799,833.7036
2020-07-06,002027.XSHE,56.4611,6.9021,888.0118
2020-07-07,002027.XSHE,54.8746,6.7081,863.0594
2020-07-08,002027.XSHE,55.3412,6.7652,870.3983
2020-07-09,002027.XSHE,56.8344,6.9477,893.8829
2020-07-10,002027.XSHE,56.1811,6.8678,883.6084
2020-07-13,002027.XSHE,56.3678,6.8906,886.544
2020-07-14,002027.XSHE,54.5013,6.6625,857.1882
2020-07-15,002027.XSHE,54.6879,6.6853,860.1238
2020-07-16,002027.XSHE,53.7547,6.5712,845.4459
2020-07-17,002027.XSHE,52.8214,6.4571,830.768
2020-07-20,002027.XSHE,56.4611,6.9021,888.0118
2020-07-21,002027.XSHE,56.6477,6.9249,890.9473
2020-07-22,002027.XSHE,58.6075,7.1645,921.7709
2020-07-23,002027.XSHE,58.9808,7.2101,927.642
2020-07-24,002027.XSHE,55.8078,6.8222,877.7372
2020-07-27,002027.XSHE,55.5278,6.788,873.3339
2020-07-28,002027.XSHE,57.581,7.039,905.6252
2020-07-29,002027.XSHE,58.5142,7.153,920.3031
2020-07-30,002027.XSHE,57.7676,7.0618,908.5608
2020-07-31,002027.XSHE,56.5544,6.9135,889.4795
2020-08-03,002027.XSHE,56.1811,6.8678,883.6084
2020-08-04,002027.XSHE,55.6212,6.7994,874.8017
2020-08-05,002027.XSHE,56.4611,6.9021,888.0118
2020-08-06,002027.XSHE,54.8746,6.7081,863.0594
2020-08-07,002027.XSHE,54.3146,6.6397,854.2526
2020-08-10,002027.XSHE,57.2077,6.9933,899.7541
2020-08-11,002027.XSHE,56.7411,6.9363,892.4151
2020-08-12,002027.XSHE,56.1811,6.8678,883.6084
2020-08-13,002027.XSHE,55.5278,6.788,873.3339
2020-08-14,002027.XSHE,57.1144,6.9819,898.2863
2020-08-17,002027.XSHE,62.8071,7.6778,987.8213
2020-08-18,002027.XSHE,61.6872,7.5409,970.2079
2020-08-19,002027.XSHE,60.474,7.3926,951.1266
2020-08-20,002027.XSHE,59.4475,7.2671,934.981
2020-08-21,002027.XSHE,53.5686,7.5382,1028.9194
2020-08-24,002027.XSHE,58.9178,8.2909,1131.6646
2020-08-25,002027.XSHE,59.2999,8.3447,1139.0035
2020-08-26,002027.XSHE,58.6121,8.2479,1125.7935
2020-08-27,002027.XSHE,57.0838,8.0329,1096.4377
2020-08-28,002027.XSHE,58.23,8.1942,1118.4545
2020-08-31,002027.XSHE,57.6187,8.1081,1106.7122
2020-09-01,002027.XSHE,56.5489,7.9576,1086.1631
2020-09-02,002027.XSHE,57.313,8.0651,1100.8409
2020-09-03,002027.XSHE,55.9375,7.8715,1074.4208
2020-09-04,002027.XSHE,55.3262,7.7855,1062.6785
2020-09-07,002027.XSHE,56.3196,7.9253,1081.7598
2020-09-08,002027.XSHE,57.0838,8.0329,1096.4377
2020-09-09,002027.XSHE,53.1865,7.4844,1021.5805
2020-09-10,002027.XSHE,52.728,7.4199,1012.7737
2020-09-11,002027.XSHE,55.5554,7.8178,1067.0819
2020-09-14,002027.XSHE,55.479,7.807,1065.6141
2020-09-15,002027.XSHE,57.8479,8.1404,1111.1155
2020-09-16,002027.XSHE,57.4659,8.0866,1103.7766
2020-09-17,002027.XSHE,58.3065,8.2049,1119.9222
2020-09-18,002027.XSHE,61.1339,8.6028,1174.2303
2020-09-21,002027.XSHE,59.5291,8.377,1143.4069
2020-09-22,002027.XSHE,59.8348,8.42,1149.278
2020-09-23,002027.XSHE,60.3697,8.4953,1159.5525
2020-09-24,002027.XSHE,57.5423,8.0974,1105.2444
2020-09-25,002027.XSHE,60.0641,8.4522,1153.6814
2020-09-28,002027.XSHE,59.7584,8.4092,1147.8102
2020-09-29,002027.XSHE,61.0575,8.592,1172.7626
2020-09-30,002027.XSHE,61.6688,8.6781,1184.5049
2020-10-09,002027.XSHE,61.516,8.6566,1181.5695
2020-10-12,002027.XSHE,64.267,9.0437,1234.4097
2020-10-13,002027.XSHE,68.5464,9.6459,1316.606
2020-10-14,002027.XSHE,71.7559,10.0975,1378.2531
2020-10-15,002027.XSHE,70.1511,9.8717,1347.4294
2020-10-16,002027.XSHE,71.4502,10.0545,1372.3818
2020-10-19,002027.XSHE,70.4568,9.9147,1353.3007
2020-10-20,002027.XSHE,71.4502,10.0545,1372.3818
2020-10-21,002027.XSHE,73.1314,10.2911,1404.6731
2020-10-22,002027.XSHE,69.9983,9.8502,1344.4938
2020-10-23,002027.XSHE,49.9107,8.936,1356.2361
2020-10-26,002027.XSHE,52.5035,9.4003,1426.6899
2020-10-27,002027.XSHE,51.4772,9.2165,1398.802
2020-10-28,002027.XSHE,54.016,9.671,1467.788
2020-10-29,002027.XSHE,53.0977,9.5066,1442.8356
2020-10-30,002027.XSHE,50.4509,9.0328,1370.9139
2020-11-02,002027.XSHE,52.0714,9.3229,1414.9478
2020-11-03,002027.XSHE,52.0174,9.3132,1413.4799
2020-11-04,002027.XSHE,51.8013,9.2745,1407.6086
2020-11-05,002027.XSHE,54.5561,9.7678,1482.4659
2020-11-06,002027.XSHE,54.7722,9.8064,1488.3372
2020-11-09,002027.XSHE,53.0977,9.5066,1442.8356
2020-11-10,002027.XSHE,53.3138,9.5453,1448.7068
2020-11-11,002027.XSHE,52.5575,9.4099,1428.1578
2020-11-12,002027.XSHE,52.2334,9.3519,1419.351
2020-11-13,002027.XSHE,51.3152,9.1875,1394.3986
2020-11-16,002027.XSHE,51.6933,9.2552,1404.6731
2020-11-17,002027.XSHE,51.6933,9.2552,1404.6731
2020-11-18,002027.XSHE,51.9093,9.2939,1410.5443
2020-11-19,002027.XSHE,51.1531,9.1585,1389.9952
2020-11-20,002027.XSHE,52.4495,9.3906,1425.2222
2020-11-23,002027.XSHE,51.2611,9.1778,1392.9308
2020-11-24,002027.XSHE,49.9648,8.9457,1357.7039
2020-11-25,002027.XSHE,50.1808,8.9844,1363.5751
2020-11-26,002027.XSHE,50.829,9.1005,1381.1885
2020-11-27,002027.XSHE,50.9911,9.1295,1385.5919
2020-11-30,002027.XSHE,52.3955,9.3809,1423.7544
2020-12-01,002027.XSHE,55.3123,9.9032,1503.0149
2020-12-02,002027.XSHE,56.2846,10.0772,1529.4351
2020-12-03,002027.XSHE,55.7445,9.9805,1514.7572
2020-12-04,002027.XSHE,55.5284,9.9418,1508.8861
2020-12-07,002027.XSHE,55.6364,9.9612,1511.8217
2020-12-08,002027.XSHE,55.9605,10.0192,1520.6284
2020-12-09,002027.XSHE,55.0423,9.8548,1495.676
2020-12-10,002027.XSHE,56.6087,10.1353,1538.2419
2020-12-11,002027.XSHE,50.9371,9.1198,1384.1241
2020-12-14,002027.XSHE,50.883,9.1101,1382.6562
2020-12-15,002027.XSHE,53.7999,9.6324,1461.9169
2020-12-16,002027.XSHE,51.5852,9.2359,1401.7375
2020-12-17,002027.XSHE,50.5049,9.0424,1372.3818
2020-12-18,002027.XSHE,55.5824,9.9515,1510.3539
2020-12-21,002027.XSHE,53.5838,9.5937,1456.0457
2020-12-22,002027.XSHE,52.0174,9.3132,1413.4799
2020-12-23,002027.XSHE,52.5575,9.4099,1428.1578
2020-12-24,002027.XSHE,52.8276,9.4583,1435.4967
2020-12-25,002027.XSHE,51.8553,9.2842,1409.0765
2020-12-28,002027.XSHE,51.8013,9.2745,1407.6086
2020-12-29,002027.XSHE,51.9634,9.3035,1412.0121
2020-12-30,002027.XSHE,52.3955,9.3809,1423.7544
2020-12-31,002027.XSHE,53.3138,9.5453,1448.7068
2021-01-04,002027.XSHE,54.232,9.7097,1473.6592
2021-01-05,002027.XSHE,53.3138,9.5453,1448.7068
2021-01-06,002027.XSHE,56.1766,10.0579,1526.4995
2021-01-07,002027.XSHE,57.473,10.29,1561.7264
2021-01-08,002027.XSHE,58.9854,10.5608,1602.8245
2021-01-11,002027.XSHE,61.2541,10.967,1664.4716
2021-01-12,002027.XSHE,60.984,10.9186,1657.1327
2021-01-13,002027.XSHE,60.1198,10.7639,1633.6481
2021-01-14,002027.XSHE,58.8774,10.5414,1599.889
2021-01-15,002027.XSHE,60.2278,10.7832,1636.5837
2021-01-18,002027.XSHE,64.333,11.5182,1748.1355
2021-01-19,002027.XSHE,63.0906,11.2958,1714.3763
2021-01-20,002027.XSHE,63.6848,11.4022,1730.5221
2021-01-21,002027.XSHE,61.9023,11.083,1682.0851
2021-01-22,002027.XSHE,62.9286,11.2668,1709.9731
2021-01-25,002027.XSHE,65.7914,11.7793,1787.7657
2021-01-26,002027.XSHE,60.768,10.8799,1651.2615
2021-01-27,002027.XSHE,61.038,10.9283,1658.6005
2021-01-28,002027.XSHE,59.4176,10.6382,1614.5668
2021-01-29,002027.XSHE,58.6613,10.5028,1594.0178
2021-02-01,002027.XSHE,61.7943,11.0637,1679.1495
2021-02-02,002027.XSHE,61.5782,11.025,1673.2784
2021-02-03,002027.XSHE,62.7125,11.2281,1704.1019
2021-02-04,002027.XSHE,59.9577,10.7349,1629.2448
2021-02-05,002027.XSHE,62.3344,11.1604,1693.8274
2021-02-08,002027.XSHE,63.4688,11.3635,1724.6509
2021-02-09,002027.XSHE,65.6294,11.7503,1783.3625
2021-02-10,002027.XSHE,66.3856,11.8857,1803.9115
2021-02-18,002027.XSHE,69.5185,12.4466,1889.0432
2021-02-19,002027.XSHE,66.6017,11.9244,1809.7826
2021-02-22,002027.XSHE,62.7125,11.2281,1704.1019
2021-02-23,002027.XSHE,60.4979,10.8316,1643.9226
2021-02-24,002027.XSHE,58.8234,10.5318,1598.4211
2021-02-25,002027.XSHE,60.4979,10.8316,1643.9226
2021-02-26,002027.XSHE,59.1475,10.5898,1607.2279
2021-03-01,002027.XSHE,61.9563,11.0927,1683.5529
2021-03-02,002027.XSHE,59.3095,10.6188,1611.6313
2021-03-03,002027.XSHE,60.1738,10.7735,1635.1158
2021-03-04,002027.XSHE,57.3109,10.261,1557.3231
2021-03-05,002027.XSHE,57.0949,10.2223,1551.4519
2021-03-08,002027.XSHE,54.6642,9.7871,1485.4015
2021-03-09,002027.XSHE,54.5561,9.7678,1482.4659
2021-03-10,002027.XSHE,57.3109,10.261,1557.3231
2021-03-11,002027.XSHE,53.2057,9.526,1445.7712
2021-03-12,002027.XSHE,54.8802,9.8258,1491.2726
2021-03-15,002027.XSHE,53.9619,9.6614,1466.3202
2021-03-16,002027.XSHE,54.7182,9.7968,1486.8693
2021-03-17,002027.XSHE,56.0146,10.0289,1522.0962
2021-03-18,002027.XSHE,57.0409,10.2126,1549.9843
2021-03-19,002027.XSHE,54.232,9.7097,1473.6592
2021-03-22,002027.XSHE,56.0686,10.0385,1523.564
2021-03-23,002027.XSHE,54.8262,9.8161,1489.8048
2021-03-24,002027.XSHE,54.016,9.671,1467.788
2021-03-25,002027.XSHE,36.1082,8.496,1445.7712
2021-03-26,002027.XSHE,37.0246,8.7117,1482.4659
2021-03-29,002027.XSHE,34.7152,8.1683,1389.9952
2021-03-30,002027.XSHE,35.6683,8.3925,1428.1578
2021-03-31,002027.XSHE,34.0187,8.0044,1362.1073
2021-04-01,002027.XSHE,34.1653,8.0389,1367.9784
2021-04-02,002027.XSHE,34.0553,8.013,1363.5751
2021-04-06,002027.XSHE,34.092,8.0216,1365.0428
2021-04-07,002027.XSHE,34.7518,8.1769,1391.4631
2021-04-08,002027.XSHE,35.1917,8.2804,1409.0765
2021-04-09,002027.XSHE,34.7885,8.1855,1392.9308
2021-04-12,002027.XSHE,34.0553,8.013,1363.5751
2021-04-13,002027.XSHE,33.2122,7.8146,1329.816
2021-04-14,002027.XSHE,34.3852,8.0906,1376.7852
2021-04-15,002027.XSHE,33.3588,7.8491,1335.6871
2021-04-16,002027.XSHE,33.6521,7.9181,1347.4294
2021-04-19,002027.XSHE,35.6316,8.3839,1426.6899
2021-04-20,002027.XSHE,35.4117,8.3322,1417.8832
2021-04-21,002027.XSHE,35.5583,8.3667,1423.7544
2021-04-22,002027.XSHE,36.6214,8.6168,1466.3202
2021-04-23,002027.XSHE,27.6819,7.9976,1476.5948
2021-04-26,002027.XSHE,28.8376,8.3315,1538.2419
2021-04-27,002027.XSHE,29.0027,8.3792,1547.0486
2021-04-28,002027.XSHE,29.4705,8.5144,1572.001
2021-04-29,002027.XSHE,29.3054,8.4667,1563.1942
2021-04-30,002027.XSHE,29.6631,8.57,1582.2755
2021-05-06,002027.XSHE,29.498,8.5223,1573.4688
2021-05-07,002027.XSHE,28.9201,8.3554,1542.6451
2021-05-10,002027.XSHE,27.8745,8.0533,1486.8693
2021-05-11,002027.XSHE,27.2966,7.8863,1456.0457
2021-05-12,002027.XSHE,27.7094,8.0056,1478.0625
2021-05-13,002027.XSHE,27.1315,7.8386,1447.239
2021-05-14,002027.XSHE,27.2416,7.8704,1453.1101
2021-05-17,002027.XSHE,28.1772,8.1407,1503.0149
2021-05-18,002027.XSHE,28.4523,8.2202,1517.6927
2021-05-19,002027.XSHE,28.3147,8.1805,1510.3539
2021-05-20,002027.XSHE,28.7825,8.3156,1535.3063
2021-05-21,002027.XSHE,28.4523,8.2202,1517.6927
2021-05-24,002027.XSHE,28.3423,8.1884,1511.8217
2021-05-25,002027.XSHE,29.8557,8.6257,1592.55
2021-05-26,002027.XSHE,28.3423,8.1884,1511.8217
2021-05-27,002027.XSHE,28.3698,8.1964,1513.2896
2021-05-28,002027.XSHE,28.6449,8.2759,1527.9673
2021-05-31,002027.XSHE,28.1772,8.1407,1503.0149
2021-06-01,002027.XSHE,27.7369,8.0135,1479.5303
2021-06-02,002027.XSHE,27.049,7.8148,1442.8356
2021-06-03,002027.XSHE,26.8564,7.7591,1432.5612
2021-06-04,002027.XSHE,27.3792,7.9102,1460.4491
2021-06-07,002027.XSHE,27.902,8.0612,1488.3372
2021-06-08,002027.XSHE,27.5443,7.9579,1469.2559
2021-06-09,002027.XSHE,26.7188,7.7194,1425.2222
2021-06-10,002027.XSHE,26.7738,7.7353,1428.1578
2021-06-11,002027.XSHE,26.6087,7.6876,1419.351
2021-06-15,002027.XSHE,25.8107,7.457,1376.7852
2021-06-16,002027.XSHE,25.5356,7.3775,1362.1073
2021-06-17,002027.XSHE,25.0403,7.2344,1335.6871
2021-06-18,002027.XSHE,24.9027,7.1947,1328.3481
2021-06-21,002027.XSHE,24.4624,7.0675,1304.8636
2021-06-22,002027.XSHE,24.6,7.1072,1312.2025
2021-06-23,002027.XSHE,25.6731,7.4173,1369.4462
2021-06-24,002027.XSHE,24.6275,7.1152,1313.6703
2021-06-25,002027.XSHE,25.1778,7.2742,1343.026
2021-06-28,002027.XSHE,25.5356,8.1068,1362.1073
2021-06-29,002027.XSHE,25.9483,8.2378,1384.1241
2021-06-30,002027.XSHE,25.8933,8.2204,1381.1885
2021-07-01,002027.XSHE,25.2879,8.0282,1348.8972
2021-07-02,002027.XSHE,24.4624,7.7661,1304.8636
2021-07-05,002027.XSHE,23.4993,7.4603,1253.491
2021-07-06,002027.XSHE,23.1141,7.338,1232.9419
2021-07-07,002027.XSHE,23.2517,7.3817,1240.2809
2021-07-08,002027.XSHE,22.4537,7.1284,1197.715
2021-07-09,002027.XSHE,22.7013,7.207,1210.925
2021-07-12,002027.XSHE,22.8114,7.242,1216.7963
2021-07-13,002027.XSHE,23.2517,7.3817,1240.2809
2021-07-14,002027.XSHE,23.059,7.3206,1230.0063
2021-07-15,002027.XSHE,23.2517,7.3817,1240.2809
2021-07-16,002027.XSHE,22.6463,7.1895,1207.9895
2021-07-19,002027.XSHE,22.6463,7.1895,1207.9895
2021-07-20,002027.XSHE,22.3436,7.0934,1191.8439
2021-07-21,002027.XSHE,22.6188,7.1808,1206.5219
2021-07-22,002027.XSHE,23.1141,7.338,1232.9419
2021-07-23,002027.XSHE,21.9859,6.9799,1172.7626
2021-07-26,002027.XSHE,21.408,6.7964,1141.9391
2021-07-27,002027.XSHE,19.9497,6.3334,1064.1462
2021-07-28,002027.XSHE,20.7752,6.5955,1108.1801
2021-07-29,002027.XSHE,21.1879,6.7265,1130.1968
2021-07-30,002027.XSHE,20.6376,6.5518,1100.8409
2021-08-02,002027.XSHE,21.3805,6.7877,1140.4713
2021-08-03,002027.XSHE,21.0778,6.6916,1124.3256
2021-08-04,002027.XSHE,21.1054,6.7003,1125.7935
2021-08-05,002027.XSHE,20.5,6.5082,1093.5021
2021-08-06,002027.XSHE,20.0872,6.3771,1071.4854
2021-08-09,002027.XSHE,21.7382,6.9013,1159.5525
2021-08-10,002027.XSHE,22.2335,7.0585,1185.9727
2021-08-11,002027.XSHE,22.1785,7.041,1183.0372
2021-08-12,002027.XSHE,21.1879,6.7265,1130.1968
2021-08-13,002027.XSHE,20.8852,6.6305,1114.0511
2021-08-16,002027.XSHE,21.408,6.7964,1141.9391
2021-08-17,002027.XSHE,20.8027,6.6042,1109.6477
2021-08-18,002027.XSHE,20.5,6.5082,1093.5021
2021-08-19,002027.XSHE,20.3899,6.4732,1087.6309
2021-08-20,002027.XSHE,19.5369,6.2024,1042.1295
2021-08-23,002027.XSHE,21.0503,6.6829,1122.8578
2021-08-24,002027.XSHE,21.5731,6.8488,1150.7458
2021-08-25,002027.XSHE,22.0134,6.9886,1174.2303
2021-08-26,002027.XSHE,18.5867,6.1354,1130.1968
2021-08-27,002027.XSHE,17.8867,5.9043,1087.6309
2021-08-30,002027.XSHE,17.3556,5.729,1055.3396
2021-08-31,002027.XSHE,17.3556,5.729,1055.3396
2021-09-01,002027.XSHE,17.6453,5.8246,1072.953
2021-09-02,002027.XSHE,17.4522,5.7609,1061.2107
2021-09-03,002027.XSHE,17.3798,5.737,1056.8074
2021-09-06,002027.XSHE,17.5488,5.7927,1067.0819
2021-09-07,002027.XSHE,17.9591,5.9282,1092.0343
2021-09-08,002027.XSHE,18.0798,5.968,1099.3732
2021-09-09,002027.XSHE,17.9832,5.9362,1093.5021
2021-09-10,002027.XSHE,18.1281,5.984,1102.3088
2021-09-13,002027.XSHE,17.8384,5.8883,1084.6954
2021-09-14,002027.XSHE,17.5005,5.7768,1064.1462
2021-09-15,002027.XSHE,17.3556,5.729,1055.3396
2021-09-16,002027.XSHE,17.3074,5.7131,1052.4041
2021-09-17,002027.XSHE,17.6453,5.8246,1072.953
2021-09-22,002027.XSHE,17.4522,5.7609,1061.2107
2021-09-23,002027.XSHE,17.4763,5.7688,1062.6785
2021-09-24,002027.XSHE,17.5488,5.7927,1067.0819
2021-09-27,002027.XSHE,18.3212,6.0477,1114.0511
2021-09-28,002027.XSHE,17.5757,5.8016,1068.7228
2021-09-29,002027.XSHE,17.1482,5.6605,1042.7268
2021-09-30,002027.XSHE,17.3857,5.7389,1057.1689
2021-10-08,002027.XSHE,18.122,5.982,1101.9398
2021-10-11,002027.XSHE,17.8845,5.9036,1087.4976
2021-10-12,002027.XSHE,18.0508,5.9584,1097.6072
2021-10-13,002027.XSHE,18.7395,6.1858,1139.4896
2021-10-14,002027.XSHE,18.7633,6.1936,1140.9338
2021-10-15,002027.XSHE,18.7158,7.3817,1138.0453
2021-10-18,002027.XSHE,18.2408,7.1944,1109.1609
2021-10-19,002027.XSHE,18.312,7.2225,1113.4937
2021-10-20,002027.XSHE,17.8608,7.0445,1086.0533
2021-10-21,002027.XSHE,17.8132,7.0257,1083.165
2021-10-22,002027.XSHE,17.8132,7.0257,1083.165
2021-10-25,002027.XSHE,17.457,6.8852,1061.5017
2021-10-26,002027.XSHE,17.6707,6.9695,1074.4998
2021-10-27,002027.XSHE,16.6732,6.5761,1013.8424
2021-10-28,002027.XSHE,16.7682,6.6136,1019.6193
2021-10-29,002027.XSHE,17.4807,6.8946,1062.9459
2021-11-01,002027.XSHE,16.7301,6.2005,1041.2826
2021-11-02,002027.XSHE,17.3334,6.4241,1078.8323
2021-11-03,002027.XSHE,17.3102,6.4155,1077.3881
2021-11-04,002027.XSHE,18.0063,6.6734,1120.7147
2021-11-05,002027.XSHE,17.2406,6.3897,1073.0554
2021-11-08,002027.XSHE,17.7047,6.5617,1101.9398
2021-11-09,002027.XSHE,17.3798,6.4413,1081.7208
2021-11-10,002027.XSHE,17.2406,6.3897,1073.0554
2021-11-11,002027.XSHE,17.1246,6.3467,1065.8344
2021-11-12,002027.XSHE,16.8926,6.2607,1051.3921
2021-11-15,002027.XSHE,17.5423,6.5015,1091.8303
2021-11-16,002027.XSHE,17.6815,6.5531,1100.4956
2021-11-17,002027.XSHE,17.1478,6.3553,1067.2786
2021-11-18,002027.XSHE,16.7301,6.2005,1041.2826
2021-11-19,002027.XSHE,16.8229,6.2349,1047.0594
2021-11-22,002027.XSHE,16.7765,6.2177,1044.171
2021-11-23,002027.XSHE,16.6373,6.1661,1035.5057
2021-11-24,002027.XSHE,16.7533,6.2091,1042.7268
2021-11-25,002027.XSHE,16.8693,6.2521,1049.9479
2021-11-26,002027.XSHE,16.7069,6.1919,1039.8384
2021-11-29,002027.XSHE,16.5213,6.1231,1028.2845
2021-11-30,002027.XSHE,16.4053,6.0801,1021.0635
2021-12-01,002027.XSHE,16.4749,6.1059,1025.3962
2021-12-02,002027.XSHE,16.4981,6.1145,1026.8405
2021-12-03,002027.XSHE,16.4053,6.0801,1021.0635
2021-12-06,002027.XSHE,16.034,5.9425,997.956
2021-12-07,002027.XSHE,16.3821,6.0715,1019.6193
2021-12-08,002027.XSHE,16.4517,6.0973,1023.952
2021-12-09,002027.XSHE,17.9367,6.6477,1116.382
2021-12-10,002027.XSHE,18.3312,6.7938,1140.9338
2021-12-13,002027.XSHE,18.8649,6.9916,1174.1508
2021-12-14,002027.XSHE,18.3544,6.8024,1142.3781
2021-12-15,002027.XSHE,17.9831,6.6648,1119.2705
2021-12-16,002027.XSHE,18.3544,6.8024,1142.3781
2021-12-17,002027.XSHE,17.9599,6.6562,1117.8263
2021-12-20,002027.XSHE,17.6815,6.5531,1100.4956
2021-12-21,002027.XSHE,17.8671,6.6219,1112.0494
2021-12-22,002027.XSHE,17.9135,6.6391,1114.9377
2021-12-23,002027.XSHE,17.9831,6.6648,1119.2705
2021-12-24,002027.XSHE,18.1688,6.7336,1130.8242
2021-12-27,002027.XSHE,18.6329,6.9056,1159.7086
2021-12-28,002027.XSHE,19.0737,7.069,1187.1488
2021-12-29,002027.XSHE,18.3776,6.811,1143.8221
2021-12-30,002027.XSHE,19.1666,7.1034,1192.9257
2021-12-31,002027.XSHE,19.0041,7.0432,1182.8162
2022-01-04,002027.XSHE,19.7234,7.3098,1227.587
2022-01-05,002027.XSHE,19.5146,7.2324,1214.589
2022-01-06,002027.XSHE,19.0737,7.069,1187.1488
2022-01-07,002027.XSHE,19.5842,7.2582,1218.9218
2022-01-10,002027.XSHE,19.4914,7.2238,1213.1448
2022-01-11,002027.XSHE,19.1433,7.0948,1191.4814
2022-01-12,002027.XSHE,19.0505,7.0604,1185.7046
2022-01-13,002027.XSHE,18.5864,6.8884,1156.8202
2022-01-14,002027.XSHE,18.2848,6.7766,1138.0453
2022-01-17,002027.XSHE,18.2384,6.7594,1135.1569
2022-01-18,002027.XSHE,18.3312,6.7938,1140.9338
2022-01-19,002027.XSHE,18.0063,6.6734,1120.7147
2022-01-20,002027.XSHE,18.8185,6.9744,1171.2625
2022-01-21,002027.XSHE,18.5632,6.8798,1155.376
2022-01-24,002027.XSHE,19.0505,7.0604,1185.7046
2022-01-25,002027.XSHE,18.1224,6.7164,1127.9358
2022-01-26,002027.XSHE,17.9135,6.6391,1114.9377
2022-01-27,002027.XSHE,17.8439,6.6133,1110.6052
2022-01-28,002027.XSHE,17.6815,6.5531,1100.4956
2022-02-07,002027.XSHE,17.8439,6.6133,1110.6052
2022-02-08,002027.XSHE,17.7511,6.5789,1104.8282
2022-02-09,002027.XSHE,18.0992,6.7078,1126.4916
2022-02-10,002027.XSHE,19.1201,7.0862,1190.0374
2022-02-11,002027.XSHE,18.7721,6.9572,1168.374
2022-02-14,002027.XSHE,18.54,6.8712,1153.9318
2022-02-15,002027.XSHE,18.7721,6.9572,1168.374
2022-02-16,002027.XSHE,18.6793,6.9228,1162.597
2022-02-17,002027.XSHE,18.6329,6.9056,1159.7086
2022-02-18,002027.XSHE,18.7953,6.9658,1169.8182
2022-02-21,002027.XSHE,18.5864,6.8884,1156.8202
2022-02-22,002027.XSHE,18.0296,6.682,1122.1589
2022-02-23,002027.XSHE,18.6561,6.9142,1161.153
2022-02-24,002027.XSHE,17.9135,6.6391,1114.9377
2022-02-25,002027.XSHE,18.0528,6.6906,1123.6031
2022-02-28,002027.XSHE,17.7511,6.5789,1104.8282
2022-03-01,002027.XSHE,17.7047,6.5617,1101.9398
2022-03-02,002027.XSHE,16.939,6.2779,1054.2806
2022-03-03,002027.XSHE,17.0086,6.3037,1058.6132
2022-03-04,002027.XSHE,16.6837,6.1833,1038.3942
2022-03-07,002027.XSHE,16.5213,6.1231,1028.2845
2022-03-08,002027.XSHE,16.0108,5.9339,996.5118
2022-03-09,002027.XSHE,16.3125,6.0457,1015.2866
2022-03-10,002027.XSHE,16.0804,5.9597,1000.8444
2022-03-11,002027.XSHE,15.7556,5.8393,980.6254
2022-03-14,002027.XSHE,14.3169,5.3061,891.0837
2022-03-15,002027.XSHE,13.1335,4.8675,817.4285
2022-03-16,002027.XSHE,14.2009,5.2631,883.8626
2022-03-17,002027.XSHE,14.781,5.4781,919.9681
2022-03-18,002027.XSHE,14.7114,5.4523,915.6355
2022-03-21,002027.XSHE,14.3865,5.3319,895.4164
2022-03-22,002027.XSHE,14.4561,5.3577,899.749
2022-03-23,002027.XSHE,14.4097,5.3405,896.8606
2022-03-24,002027.XSHE,14.1545,5.2459,880.9742
2022-03-25,002027.XSHE,14.0152,5.1943,872.3089
2022-03-28,002027.XSHE,13.9224,5.1599,866.532
2022-03-29,002027.XSHE,13.76,5.0997,856.4224
2022-03-30,002027.XSHE,14.2009,5.2631,883.8626
2022-03-31,002027.XSHE,14.1777,5.2545,882.4184
2022-04-01,002027.XSHE,14.4329,5.3491,898.3048
2022-04-06,002027.XSHE,14.2937,5.2975,889.6395
2022-04-07,002027.XSHE,13.9224,5.1599,866.532
2022-04-08,002027.XSHE,13.8296,5.1255,860.7551
2022-04-11,002027.XSHE,13.1799,4.8847,820.3169
2022-04-12,002027.XSHE,13.7832,5.1083,857.8667
2022-04-13,002027.XSHE,13.6208,5.0481,847.7571
2022-04-14,002027.XSHE,13.6672,5.0653,850.6456
2022-04-15,002027.XSHE,13.6672,5.0653,850.6456
2022-04-18,002027.XSHE,13.3423,4.9449,830.4265
2022-04-19,002027.XSHE,13.2263,4.9019,823.2054
2022-04-20,002027.XSHE,13.0871,4.8503,814.5401
2022-04-21,002027.XSHE,12.4606,4.6181,775.5461
2022-04-22,002027.XSHE,12.9711,4.8073,807.319
2022-04-25,002027.XSHE,12.2749,4.5493,763.9924
2022-04-26,002027.XSHE,11.8573,4.3945,737.9964
2022-04-27,002027.XSHE,12.4838,4.6267,776.9903
2022-04-28,002027.XSHE,12.2981,4.5579,765.4366
2022-04-29,002027.XSHE,14.972,4.3633,841.9802
2022-05-05,002027.XSHE,15.1261,4.4082,850.6456
2022-05-06,002027.XSHE,14.6638,4.2735,824.6496
2022-05-09,002027.XSHE,14.6895,4.281,826.0938
2022-05-10,002027.XSHE,14.7665,4.3034,830.4265
2022-05-11,002027.XSHE,15.1517,4.4157,852.0898
2022-05-12,002027.XSHE,14.8436,4.3259,834.7591
2022-05-13,002027.XSHE,14.5097,4.2286,815.9843
2022-05-16,002027.XSHE,14.5097,4.2286,815.9843
2022-05-17,002027.XSHE,14.7922,4.3109,831.8707
2022-05-18,002027.XSHE,14.9206,4.3483,839.0918
2022-05-19,002027.XSHE,14.6124,4.2585,821.7612
2022-05-20,002027.XSHE,15.2288,4.4382,856.4224
2022-05-23,002027.XSHE,14.6381,4.266,823.2054
2022-05-24,002027.XSHE,14.0731,4.1014,791.4325
2022-05-25,002027.XSHE,14.3813,4.1912,808.7632
2022-05-26,002027.XSHE,14.9976,4.3708,843.4245
2022-05-27,002027.XSHE,14.8179,4.3184,833.3149
2022-05-30,002027.XSHE,15.3315,4.4681,862.1993
2022-05-31,002027.XSHE,16.4871,4.8049,927.1892
2022-06-01,002027.XSHE,16.5642,4.8273,931.5219
2022-06-02,002027.XSHE,16.3587,4.7675,919.9681
2022-06-06,002027.XSHE,16.898,4.9246,950.2967
2022-06-07,002027.XSHE,16.8724,4.9171,948.8525
2022-06-08,002027.XSHE,16.9494,4.9396,953.1852
2022-06-09,002027.XSHE,16.7696,4.8872,943.0756
2022-06-10,002027.XSHE,16.4358,4.7899,924.3008
2022-06-13,002027.XSHE,16.0506,4.6776,902.6375
2022-06-14,002027.XSHE,15.9735,4.6552,898.3048
2022-06-15,002027.XSHE,16.4101,4.7824,922.8566
2022-06-16,002027.XSHE,16.2817,4.745,915.6355
2022-06-17,002027.XSHE,16.3844,4.7749,921.4123
2022-06-20,002027.XSHE,16.6926,4.8648,938.743
2022-06-21,002027.XSHE,16.7696,4.8872,943.0756
2022-06-22,002027.XSHE,16.1019,4.6926,905.5259
2022-06-23,002027.XSHE,16.179,4.7151,909.8586
2022-06-24,002027.XSHE,16.3074,4.7525,917.0797
2022-06-27,002027.XSHE,16.6926,4.8648,938.743
2022-06-28,002027.XSHE,16.9494,4.9396,953.1852
2022-06-29,002027.XSHE,17.0778,4.977,960.4063
2022-06-30,002027.XSHE,17.2832,5.0369,971.96
2022-07-01,002027.XSHE,17.0008,4.9546,956.0736
2022-07-04,002027.XSHE,17.3089,5.0444,973.4043
2022-07-05,002027.XSHE,17.386,5.0668,977.7369
2022-07-06,002027.XSHE,16.8467,4.9097,947.4083
2022-07-07,002027.XSHE,16.7183,4.8722,940.1872
2022-07-08,002027.XSHE,17.0521,4.9695,958.9621
2022-07-11,002027.XSHE,16.1276,4.7001,906.9701
2022-07-12,002027.XSHE,15.9992,4.6627,899.749
2022-07-13,002027.XSHE,15.8451,4.6178,891.0837
2022-07-14,002027.XSHE,16.0506,4.6776,902.6375
2022-07-15,002027.XSHE,15.8965,4.6327,893.9722
2022-07-18,002027.XSHE,16.256,4.7375,914.1912
2022-07-19,002027.XSHE,16.256,4.7375,914.1912
2022-07-20,002027.XSHE,16.2047,4.7226,911.3028
2022-07-21,002027.XSHE,15.9222,4.6402,895.4164
2022-07-22,002027.XSHE,15.691,4.5729,882.4184
2022-07-25,002027.XSHE,15.4599,4.9911,869.4204
2022-07-26,002027.XSHE,15.691,5.0657,882.4184
2022-07-27,002027.XSHE,15.4856,4.9994,870.8646
2022-07-28,002027.XSHE,15.5626,5.0243,875.1973
2022-07-29,002027.XSHE,15.1774,4.8999,853.534
2022-08-01,002027.XSHE,15.3572,4.958,863.6435
2022-08-02,002027.XSHE,15.1261,4.8833,850.6456
2022-08-03,002027.XSHE,14.4583,4.6678,813.0958
2022-08-04,002027.XSHE,14.8949,4.8087,837.6476
2022-08-05,002027.XSHE,15.1261,4.8833,850.6456
2022-08-08,002027.XSHE,14.7665,4.7673,830.4265
2022-08-09,002027.XSHE,14.8692,4.8004,836.2034
2022-08-10,002027.XSHE,14.6124,4.7175,821.7612
2022-08-11,002027.XSHE,15.3058,4.9414,860.7551
2022-08-12,002027.XSHE,15.2288,4.9165,856.4224
2022-08-15,002027.XSHE,14.8949,4.8087,837.6476
2022-08-16,002027.XSHE,14.972,4.8336,841.9802
2022-08-17,002027.XSHE,18.7233,4.3138,854.9782
2022-08-18,002027.XSHE,18.502,4.2628,844.8687
2022-08-19,002027.XSHE,18.755,4.3211,856.4224
2022-08-22,002027.XSHE,18.6285,4.2919,850.6456
2022-08-23,002027.XSHE,18.3122,4.219,836.2034
2022-08-24,002027.XSHE,18.2489,4.2045,833.3149
2022-08-25,002027.XSHE,18.8499,4.3429,860.7551
2022-08-26,002027.XSHE,18.7866,4.3283,857.8667
2022-08-29,002027.XSHE,18.6917,4.3065,853.534
2022-08-30,002027.XSHE,18.502,4.2628,844.8687
2022-08-31,002027.XSHE,19.1661,4.4158,875.1973
2022-09-01,002027.XSHE,18.5968,4.2846,849.2013
2022-09-02,002027.XSHE,18.5336,4.27,846.3129
2022-09-05,002027.XSHE,17.8694,4.117,815.9843
2022-09-06,002027.XSHE,17.9959,4.1462,821.7612
2022-09-07,002027.XSHE,17.6164,4.0587,804.4305
2022-09-08,002027.XSHE,17.5531,4.0442,801.5421
2022-09-09,002027.XSHE,17.8062,4.1025,813.0958
2022-09-13,002027.XSHE,18.0275,4.1535,823.2054
2022-09-14,002027.XSHE,17.8062,4.1025,813.0958
2022-09-15,002027.XSHE,17.6164,4.0587,804.4305
2022-09-16,002027.XSHE,17.0155,3.9203,776.9903
