,code,day,pe_ratio,market_cap
0,000568.XSHE,2020-08-28,43.4012,2218.9536
1,000568.XSHE,2020-08-27,43.1678,2086.9792
2,000568.XSHE,2020-08-26,41.8711,2024.2878
3,000568.XSHE,2020-08-25,41.9226,2026.778
4,000568.XSHE,2020-08-24,38.7989,1875.762
5,000568.XSHE,2020-08-21,38.7383,1872.8325
6,000568.XSHE,2020-08-20,37.9809,1836.2137
7,000568.XSHE,2020-08-19,38.7413,1872.979
8,000568.XSHE,2020-08-18,38.0718,1840.608
9,000568.XSHE,2020-08-17,37.5385,1814.8282
10,000568.XSHE,2020-08-14,35.6268,1722.4023
11,000568.XSHE,2020-08-13,33.6847,1628.5118
12,000568.XSHE,2020-08-12,33.5999,1624.4105
13,000568.XSHE,2020-08-11,34.1937,1653.1196
14,000568.XSHE,2020-08-10,33.9028,1639.058
15,000568.XSHE,2020-08-07,33.6302,1625.8752
16,000568.XSHE,2020-08-06,34.7603,1680.5105
17,000568.XSHE,2020-08-05,36.0115,1741.0048
18,000568.XSHE,2020-08-04,35.4783,1715.2251
19,000568.XSHE,2020-08-03,35.6025,1721.2306
20,000568.XSHE,2020-07-31,35.7449,1728.115
21,000568.XSHE,2020-07-30,35.8086,1731.191
22,000568.XSHE,2020-07-29,35.8086,1731.191
23,000568.XSHE,2020-07-28,35.4177,1712.2957
24,000568.XSHE,2020-07-27,34.8572,1685.1978
25,000568.XSHE,2020-07-24,34.533,1669.5249
26,000568.XSHE,2020-07-23,36.3569,1757.703
27,000568.XSHE,2020-07-22,35.4783,1715.2251
28,000568.XSHE,2020-07-21,34.8512,1684.9048
29,000568.XSHE,2020-07-20,34.1755,1652.2408
30,000568.XSHE,2020-07-17,34.5421,1669.9644
31,000568.XSHE,2020-07-16,34.8693,1685.7836
32,000568.XSHE,2020-07-15,38.7444,1873.1255
33,000568.XSHE,2020-07-14,37.5082,1813.3636
34,000568.XSHE,2020-07-13,37.8445,1829.6223
35,000568.XSHE,2020-07-10,36.8114,1779.6743
36,000568.XSHE,2020-07-09,36.2054,1750.3792
37,000568.XSHE,2020-07-08,34.8087,1682.8541
38,000568.XSHE,2020-07-07,34.7966,1682.2682
39,000568.XSHE,2020-07-06,33.7726,1632.7596
40,000568.XSHE,2020-07-03,33.3575,1612.6925
41,000568.XSHE,2020-07-02,32.6031,1576.2201
42,000568.XSHE,2020-07-01,30.3671,1468.1215
43,000568.XSHE,2020-06-30,27.607,1334.6825
44,000568.XSHE,2020-06-29,27.5343,1331.1671
45,000568.XSHE,2020-06-24,28.013,1354.3101
46,000568.XSHE,2020-06-23,28.2615,1366.321
47,000568.XSHE,2020-06-22,27.3919,1324.2827
48,000568.XSHE,2020-06-19,27.8403,1345.9611
49,000568.XSHE,2020-06-18,27.2344,1316.666
50,000568.XSHE,2020-06-17,27.1465,1312.4182
51,000568.XSHE,2020-06-16,27.4162,1325.4545
52,000568.XSHE,2020-06-15,27.3768,1323.5503
53,000568.XSHE,2020-06-12,28.7826,1391.5149
54,000568.XSHE,2020-06-11,28.7523,1390.05
55,000568.XSHE,2020-06-10,29.0704,1405.4301
56,000568.XSHE,2020-06-09,29.0219,1403.0864
57,000568.XSHE,2020-06-08,28.7917,1391.9543
58,000568.XSHE,2020-06-05,28.3554,1370.8618
59,000568.XSHE,2020-06-04,26.989,1304.8015
60,000568.XSHE,2020-06-03,26.5042,1281.3655
61,000568.XSHE,2020-06-02,26.6951,1290.5934
62,000568.XSHE,2020-06-01,27.0314,1306.8522
63,000568.XSHE,2020-05-29,25.8437,1249.434
64,000568.XSHE,2020-05-28,25.4499,1230.3921
65,000568.XSHE,2020-05-27,25.4983,1232.7357
66,000568.XSHE,2020-05-26,25.8589,1250.1663
67,000568.XSHE,2020-05-25,25.6862,1241.8171
68,000568.XSHE,2020-05-22,25.4741,1231.5638
69,000568.XSHE,2020-05-21,26.5497,1283.5626
70,000568.XSHE,2020-05-20,26.6102,1286.4921
71,000568.XSHE,2020-05-19,26.995,1305.0945
72,000568.XSHE,2020-05-18,27.1162,1310.9535
73,000568.XSHE,2020-05-15,26.5284,1282.5374
74,000568.XSHE,2020-05-14,26.6012,1286.0527
75,000568.XSHE,2020-05-13,26.8617,1298.6495
76,000568.XSHE,2020-05-12,25.4862,1232.1498
77,000568.XSHE,2020-05-11,25.0863,1212.8151
78,000568.XSHE,2020-05-08,24.7348,1195.8239
79,000568.XSHE,2020-05-07,24.3288,1176.1962
80,000568.XSHE,2020-05-06,23.9441,1157.5939
81,000568.XSHE,2020-04-30,23.9865,1159.6445
82,000568.XSHE,2020-04-29,23.9622,1158.4727
83,000568.XSHE,2020-04-28,26.6766,1208.4208
84,000568.XSHE,2020-04-27,25.27,1144.7041
85,000568.XSHE,2020-04-24,25.1827,1140.7491
86,000568.XSHE,2020-04-23,25.1374,1138.6986
87,000568.XSHE,2020-04-22,24.9887,1131.9607
88,000568.XSHE,2020-04-21,24.1641,1094.6095
89,000568.XSHE,2020-04-20,25.2377,1143.2393
90,000568.XSHE,2020-04-17,25.3282,1147.3406
91,000568.XSHE,2020-04-16,24.9563,1130.496
92,000568.XSHE,2020-04-15,25.4252,1151.7349
93,000568.XSHE,2020-04-14,25.3476,1148.2195
94,000568.XSHE,2020-04-13,25.2635,1144.4111
95,000568.XSHE,2020-04-10,24.8496,1125.6624
96,000568.XSHE,2020-04-09,24.688,1118.3385
97,000568.XSHE,2020-04-08,24.6136,1114.9696
98,000568.XSHE,2020-04-07,24.6524,1116.7273
99,000568.XSHE,2020-04-03,24.0251,1088.3112
100,000568.XSHE,2020-04-02,24.0089,1087.5787
101,000568.XSHE,2020-04-01,23.8763,1081.5732
102,000568.XSHE,2020-03-31,23.8149,1078.7902
103,000568.XSHE,2020-03-30,23.2523,1053.3035
104,000568.XSHE,2020-03-27,24.0898,1091.2406
105,000568.XSHE,2020-03-26,23.5983,1068.9764
106,000568.XSHE,2020-03-25,23.5756,1067.951
107,000568.XSHE,2020-03-24,22.6896,1027.8168
108,000568.XSHE,2020-03-23,21.545,975.9646
109,000568.XSHE,2020-03-20,22.1981,1005.5526
110,000568.XSHE,2020-03-19,21.5062,974.2069
111,000568.XSHE,2020-03-18,22.5603,1021.9578
112,000568.XSHE,2020-03-17,23.1682,1049.4951
113,000568.XSHE,2020-03-16,23.9442,1084.6492
114,000568.XSHE,2020-03-13,25.519,1155.9827
115,000568.XSHE,2020-03-12,25.949,1175.4639
116,000568.XSHE,2020-03-11,26.3565,1193.9197
117,000568.XSHE,2020-03-10,26.2627,1189.672
118,000568.XSHE,2020-03-09,25.1568,1139.5774
119,000568.XSHE,2020-03-06,26.3144,1192.0156
120,000568.XSHE,2020-03-05,26.9676,1221.6036
121,000568.XSHE,2020-03-04,25.506,1155.3969
122,000568.XSHE,2020-03-03,25.5448,1157.1545
123,000568.XSHE,2020-03-02,25.1633,1139.8704
124,000568.XSHE,2020-02-28,24.1868,1095.6349
125,000568.XSHE,2020-02-27,25.5513,1157.4474
126,000568.XSHE,2020-02-26,25.3832,1149.8307
127,000568.XSHE,2020-02-25,25.7227,1165.2106
128,000568.XSHE,2020-02-24,26.2271,1188.0607
129,000568.XSHE,2020-02-21,26.738,1211.2039
130,000568.XSHE,2020-02-20,26.7639,1212.3756
131,000568.XSHE,2020-02-19,25.5545,1157.5939
132,000568.XSHE,2020-02-18,25.1245,1138.1127
133,000568.XSHE,2020-02-17,25.2926,1145.7294
134,000568.XSHE,2020-02-14,25.131,1138.4056
135,000568.XSHE,2020-02-13,25.0598,1135.1832
136,000568.XSHE,2020-02-12,25.0566,1135.0367
137,000568.XSHE,2020-02-11,25.0275,1133.7184
138,000568.XSHE,2020-02-10,23.8375,1079.8156
139,000568.XSHE,2020-02-07,24.1738,1095.049
140,000568.XSHE,2020-02-06,23.8925,1082.3055
141,000568.XSHE,2020-02-05,23.4107,1060.4808
142,000568.XSHE,2020-02-04,23.3202,1056.3795
143,000568.XSHE,2020-02-03,24.0542,1089.6294
144,000568.XSHE,2020-01-23,26.7251,1210.6179
145,000568.XSHE,2020-01-22,28.2966,1281.8049
146,000568.XSHE,2020-01-21,28.2157,1278.1429
147,000568.XSHE,2020-01-20,29.2925,1326.9193
148,000568.XSHE,2020-01-17,29.6838,1344.6428
149,000568.XSHE,2020-01-16,29.9586,1357.0931
150,000568.XSHE,2020-01-15,29.8584,1352.5524
151,000568.XSHE,2020-01-14,29.7711,1348.5977
152,000568.XSHE,2020-01-13,30.0815,1362.6592
153,000568.XSHE,2020-01-10,29.2634,1325.601
154,000568.XSHE,2020-01-09,28.2933,1281.6584
155,000568.XSHE,2020-01-08,27.4365,1242.8425
156,000568.XSHE,2020-01-07,27.8083,1259.6871
157,000568.XSHE,2020-01-06,27.6854,1254.1211
158,000568.XSHE,2020-01-03,27.7404,1256.6111
159,000568.XSHE,2020-01-02,27.6305,1251.631
160,000568.XSHE,2019-12-31,28.0282,1269.6475
161,000568.XSHE,2019-12-30,27.721,1255.7323
162,000568.XSHE,2019-12-27,26.4211,1196.8492
163,000568.XSHE,2019-12-26,26.1042,1182.4948
164,000568.XSHE,2019-12-25,26.1463,1184.3989
165,000568.XSHE,2019-12-24,26.5311,1201.8293
166,000568.XSHE,2019-12-23,26.3888,1195.3845
167,000568.XSHE,2019-12-20,26.5634,1203.2942
168,000568.XSHE,2019-12-19,26.5149,1201.097
169,000568.XSHE,2019-12-18,26.6766,1208.4208
170,000568.XSHE,2019-12-17,26.8512,1216.3304
171,000568.XSHE,2019-12-16,26.3856,1195.238
172,000568.XSHE,2019-12-13,26.5149,1201.097
173,000568.XSHE,2019-12-12,26.0266,1178.9792
174,000568.XSHE,2019-12-11,26.156,1184.8383
175,000568.XSHE,2019-12-10,26.4923,1200.0717
176,000568.XSHE,2019-12-09,26.6313,1206.3701
177,000568.XSHE,2019-12-06,26.7057,1209.7391
178,000568.XSHE,2019-12-05,26.35,1193.6268
179,000568.XSHE,2019-12-04,26.4244,1196.9957
180,000568.XSHE,2019-12-03,25.9846,1177.0751
181,000568.XSHE,2019-12-02,26.4308,1197.2887
182,000568.XSHE,2019-11-29,26.4341,1197.4351
183,000568.XSHE,2019-11-28,27.3233,1237.7158
184,000568.XSHE,2019-11-27,27.7533,1257.1971
185,000568.XSHE,2019-11-26,27.582,1249.434
186,000568.XSHE,2019-11-25,27.2748,1235.5187
187,000568.XSHE,2019-11-22,27.2263,1233.3217
188,000568.XSHE,2019-11-21,28.2869,1281.3655
189,000568.XSHE,2019-11-20,28.1317,1274.3347
190,000568.XSHE,2019-11-19,27.6531,1252.6562
191,000568.XSHE,2019-11-18,27.5044,1245.9185
192,000568.XSHE,2019-11-15,27.5529,1248.1156
193,000568.XSHE,2019-11-14,27.9571,1266.425
194,000568.XSHE,2019-11-13,27.9538,1266.2784
195,000568.XSHE,2019-11-12,27.5593,1248.4084
196,000568.XSHE,2019-11-11,27.485,1245.0396
197,000568.XSHE,2019-11-08,27.6854,1254.1211
198,000568.XSHE,2019-11-07,27.4559,1243.7213
199,000568.XSHE,2019-11-06,27.4397,1242.989
200,000568.XSHE,2019-11-05,28.0508,1270.6729
201,000568.XSHE,2019-11-04,28.261,1280.1937
202,000568.XSHE,2019-11-01,28.5197,1291.9117
203,000568.XSHE,2019-10-31,28.1963,1277.2642
204,000568.XSHE,2019-10-30,29.443,1256.7576
205,000568.XSHE,2019-10-29,29.4533,1257.1971
206,000568.XSHE,2019-10-28,29.1273,1243.2819
207,000568.XSHE,2019-10-25,28.4821,1215.7446
208,000568.XSHE,2019-10-24,28.0532,1197.4351
209,000568.XSHE,2019-10-23,28.8253,1230.3921
210,000568.XSHE,2019-10-22,29.2028,1246.5044
211,000568.XSHE,2019-10-21,28.6777,1224.0936
212,000568.XSHE,2019-10-18,28.9969,1237.7158
213,000568.XSHE,2019-10-17,29.5528,1261.4448
214,000568.XSHE,2019-10-16,29.4498,1257.0507
215,000568.XSHE,2019-10-15,30.3112,1293.8159
216,000568.XSHE,2019-10-14,30.0812,1284.002
217,000568.XSHE,2019-10-11,30.0847,1284.1486
218,000568.XSHE,2019-10-10,29.7449,1269.6475
219,000568.XSHE,2019-10-09,30.0195,1281.3655
220,000568.XSHE,2019-10-08,30.2837,1292.644
221,000568.XSHE,2019-09-30,29.2439,1248.2621
222,000568.XSHE,2019-09-27,29.9302,1277.5571
223,000568.XSHE,2019-09-26,30.1087,1285.1738
224,000568.XSHE,2019-09-25,30.2013,1289.1287
225,000568.XSHE,2019-09-24,30.3695,1296.3059
226,000568.XSHE,2019-09-23,30.0778,1283.8555
227,000568.XSHE,2019-09-20,30.5411,1303.6298
228,000568.XSHE,2019-09-19,30.4381,1299.2354
229,000568.XSHE,2019-09-18,30.9529,1321.2067
230,000568.XSHE,2019-09-17,30.1361,1286.3456
231,000568.XSHE,2019-09-16,29.7827,1271.2587
232,000568.XSHE,2019-09-12,30.5033,1302.0186
233,000568.XSHE,2019-09-11,30.0298,1281.8049
234,000568.XSHE,2019-09-10,31.8108,1357.8254
235,000568.XSHE,2019-09-09,31.9995,1365.8817
236,000568.XSHE,2019-09-06,32.2672,1377.3068
237,000568.XSHE,2019-09-05,32.4284,1384.191
238,000568.XSHE,2019-09-04,32.3426,1380.5292
239,000568.XSHE,2019-09-03,32.9981,1408.506
240,000568.XSHE,2019-09-02,33.6535,1436.4828
241,000568.XSHE,2019-08-30,33.2452,1419.0522
242,000568.XSHE,2019-08-29,31.6666,1351.6736
243,000568.XSHE,2019-08-28,33.0175,1301.4326
244,000568.XSHE,2019-08-27,33.1661,1307.2916
245,000568.XSHE,2019-08-26,32.2817,1272.4305
246,000568.XSHE,2019-08-23,32.958,1299.089
247,000568.XSHE,2019-08-22,32.5753,1284.002
248,000568.XSHE,2019-08-21,32.1814,1268.4756
249,000568.XSHE,2019-08-20,32.0699,1264.0814
250,000568.XSHE,2019-08-19,32.0327,1262.6166
251,000568.XSHE,2019-08-16,31.9584,1259.6871
252,000568.XSHE,2019-08-15,31.3192,1234.4934
253,000568.XSHE,2019-08-14,31.0368,1223.3613
254,000568.XSHE,2019-08-13,29.4315,1160.084
255,000568.XSHE,2019-08-12,29.5913,1166.3824
256,000568.XSHE,2019-08-09,28.7551,1133.4255
257,000568.XSHE,2019-08-08,29.4686,1161.5487
258,000568.XSHE,2019-08-07,28.9818,1142.3605
259,000568.XSHE,2019-08-06,29.32,1155.6897
260,000568.XSHE,2019-08-05,28.7291,1132.4001
261,000568.XSHE,2019-08-02,29.6582,1169.019
262,000568.XSHE,2019-08-01,29.6804,1169.8978
263,000568.XSHE,2019-07-31,29.9666,1181.1764
264,000568.XSHE,2019-07-30,30.5426,1203.8801
265,000568.XSHE,2019-07-29,30.8176,1214.7192
266,000568.XSHE,2019-07-26,30.55,1204.173
267,000568.XSHE,2019-07-25,30.4014,1198.314
268,000568.XSHE,2019-07-24,30.1821,1189.672
269,000568.XSHE,2019-07-23,30.1375,1187.9143
270,000568.XSHE,2019-07-22,31.6611,1247.9691
271,000568.XSHE,2019-07-19,31.3824,1236.9835
272,000568.XSHE,2019-07-18,31.0888,1225.4119
273,000568.XSHE,2019-07-17,31.3676,1236.3976
274,000568.XSHE,2019-07-16,31.5496,1243.575
275,000568.XSHE,2019-07-15,32.5084,1281.3655
276,000568.XSHE,2019-07-12,32.8689,1295.5736
277,000568.XSHE,2019-07-11,31.9584,1259.6871
278,000568.XSHE,2019-07-10,31.624,1246.5044
279,000568.XSHE,2019-07-09,31.0331,1223.2148
280,000568.XSHE,2019-07-08,31.1037,1225.9978
281,000568.XSHE,2019-07-05,31.5496,1243.575
282,000568.XSHE,2019-07-04,30.2602,1192.7479
283,000568.XSHE,2019-07-03,30.7581,1212.3756
284,000568.XSHE,2019-07-02,31.2821,1233.0286
285,000568.XSHE,2019-07-01,31.0851,1225.2654
286,000568.XSHE,2019-06-28,30.0372,1183.9594
287,000568.XSHE,2019-06-27,30.0744,1185.4242
288,000568.XSHE,2019-06-26,28.3315,1116.7273
289,000568.XSHE,2019-06-25,28.6883,1130.7889
290,000568.XSHE,2019-06-24,28.5768,1126.3947
291,000568.XSHE,2019-06-21,28.168,1110.2823
292,000568.XSHE,2019-06-20,27.5586,1086.2604
293,000568.XSHE,2019-06-19,26.3843,1039.9742
294,000568.XSHE,2019-06-18,25.9012,1020.9325
295,000568.XSHE,2019-06-17,25.9458,1022.6902
296,000568.XSHE,2019-06-14,26.1018,1028.842
297,000568.XSHE,2019-06-13,26.2839,1036.0194
298,000568.XSHE,2019-06-12,26.492,1044.222
299,000568.XSHE,2019-06-11,26.7745,1055.3542
300,000568.XSHE,2019-06-10,25.236,994.7134
301,000568.XSHE,2019-06-06,24.8235,978.4547
302,000568.XSHE,2019-06-05,25.3289,998.3753
303,000568.XSHE,2019-06-04,25.2323,994.5669
304,000568.XSHE,2019-06-03,25.864,1019.4677
305,000568.XSHE,2019-05-31,26.2468,1034.5547
306,000568.XSHE,2019-05-30,26.7559,1054.6218
307,000568.XSHE,2019-05-29,27.4211,1080.8409
308,000568.XSHE,2019-05-28,27.4954,1083.7704
309,000568.XSHE,2019-05-27,26.8711,1059.1625
310,000568.XSHE,2019-05-24,26.8302,1057.5513
311,000568.XSHE,2019-05-23,26.217,1033.3829
312,000568.XSHE,2019-05-22,27.369,1078.7902
313,000568.XSHE,2019-05-21,28.1457,1109.4034
314,000568.XSHE,2019-05-20,27.5363,1085.3816
315,000568.XSHE,2019-05-17,28.744,1132.986
316,000568.XSHE,2019-05-16,30.1004,1186.4495
317,000568.XSHE,2019-05-15,28.8815,1138.4056
318,000568.XSHE,2019-05-14,26.2542,1034.8477
319,000568.XSHE,2019-05-13,26.6444,1050.2275
320,000568.XSHE,2019-05-10,26.6853,1051.8387
321,000568.XSHE,2019-05-09,25.158,991.6374
322,000568.XSHE,2019-05-08,26.466,1043.1967
323,000568.XSHE,2019-05-07,26.8748,1059.309
324,000568.XSHE,2019-05-06,26.1985,1032.6505
325,000568.XSHE,2019-04-30,28.9409,1140.7491
326,000568.XSHE,2019-04-29,28.3798,1118.6315
327,000568.XSHE,2019-04-26,28.0305,1104.8628
328,000568.XSHE,2019-04-25,31.1741,1032.3575
329,000568.XSHE,2019-04-24,31.7314,1050.8134
330,000568.XSHE,2019-04-23,32.0455,1061.2133
331,000568.XSHE,2019-04-22,30.953,1025.0338
332,000568.XSHE,2019-04-19,30.5814,1012.7299
333,000568.XSHE,2019-04-18,30.5858,1012.8763
334,000568.XSHE,2019-04-17,30.7539,1018.4424
335,000568.XSHE,2019-04-16,30.5283,1010.9722
336,000568.XSHE,2019-04-15,29.8781,989.4403
337,000568.XSHE,2019-04-12,30.7849,1019.4677
338,000568.XSHE,2019-04-11,31.183,1032.6505
339,000568.XSHE,2019-04-10,32.1561,1064.8751
340,000568.XSHE,2019-04-09,30.5593,1011.9975
341,000568.XSHE,2019-04-08,30.5151,1010.5327
342,000568.XSHE,2019-04-04,30.033,994.5669
343,000568.XSHE,2019-04-03,29.0599,962.3424
344,000568.XSHE,2019-04-02,29.4181,974.2069
345,000568.XSHE,2019-04-01,29.7676,985.7784
346,000568.XSHE,2019-03-29,29.4491,975.2322
347,000568.XSHE,2019-03-28,28.4804,943.1541
348,000568.XSHE,2019-03-27,27.2199,901.4087
349,000568.XSHE,2019-03-26,26.1672,866.5476
350,000568.XSHE,2019-03-25,26.4104,874.6037
351,000568.XSHE,2019-03-22,26.9943,893.9384
352,000568.XSHE,2019-03-21,26.5475,879.1444
353,000568.XSHE,2019-03-20,26.9412,892.1807
354,000568.XSHE,2019-03-19,26.1672,866.5476
355,000568.XSHE,2019-03-18,25.9195,858.345
356,000568.XSHE,2019-03-15,23.5619,780.2736
357,000568.XSHE,2019-03-14,22.7481,753.3222
358,000568.XSHE,2019-03-13,22.3146,738.9676
359,000568.XSHE,2019-03-12,22.4517,743.5084
360,000568.XSHE,2019-03-11,22.7569,753.6151
361,000568.XSHE,2019-03-08,22.0625,730.6185
362,000568.XSHE,2019-03-07,22.8144,755.5193
363,000568.XSHE,2019-03-06,23.7035,784.9609
364,000568.XSHE,2019-03-05,23.9644,793.6029
365,000568.XSHE,2019-03-04,24.0618,796.8253
366,000568.XSHE,2019-03-01,23.6592,783.4961
367,000568.XSHE,2019-02-28,22.664,750.5392
368,000568.XSHE,2019-02-27,22.6817,751.1251
369,000568.XSHE,2019-02-26,22.4915,744.8266
370,000568.XSHE,2019-02-25,23.1727,767.3838
371,000568.XSHE,2019-02-22,22.1598,733.841
372,000568.XSHE,2019-02-21,22.0271,729.4467
373,000568.XSHE,2019-02-20,22.2306,736.1846
374,000568.XSHE,2019-02-19,22.1244,732.6692
375,000568.XSHE,2019-02-18,22.0625,730.6185
376,000568.XSHE,2019-02-15,21.0983,698.6869
377,000568.XSHE,2019-02-14,21.6113,715.6781
378,000568.XSHE,2019-02-13,21.1027,698.8334
379,000568.XSHE,2019-02-12,21.001,695.4645
380,000568.XSHE,2019-02-11,20.7046,685.6506
381,000568.XSHE,2019-02-01,19.3511,640.8292
382,000568.XSHE,2019-01-31,18.8734,625.0099
383,000568.XSHE,2019-01-30,18.6567,617.8326
384,000568.XSHE,2019-01-29,19.1875,635.4096
385,000568.XSHE,2019-01-28,19.0725,631.6013
386,000568.XSHE,2019-01-25,18.8956,625.7423
387,000568.XSHE,2019-01-24,18.7584,621.2015
388,000568.XSHE,2019-01-23,18.6921,619.0044
389,000568.XSHE,2019-01-22,18.5992,615.9284
390,000568.XSHE,2019-01-21,18.8557,624.424
391,000568.XSHE,2019-01-18,18.6655,618.1255
392,000568.XSHE,2019-01-17,18.1702,601.7203
393,000568.XSHE,2019-01-16,18.1834,602.1597
394,000568.XSHE,2019-01-15,18.5019,612.706
395,000568.XSHE,2019-01-14,17.0157,563.4903
396,000568.XSHE,2019-01-11,17.3828,575.6477
397,000568.XSHE,2019-01-10,17.1661,568.4704
398,000568.XSHE,2019-01-09,17.4669,578.4308
399,000568.XSHE,2019-01-08,17.1484,567.8845
400,000568.XSHE,2019-01-07,17.1263,567.1522
401,000568.XSHE,2019-01-04,17.2369,570.814
402,000568.XSHE,2019-01-03,16.8653,558.5101
403,000568.XSHE,2019-01-02,17.5155,580.042
404,000568.XSHE,2018-12-28,17.9844,595.5684
405,000568.XSHE,2018-12-27,17.7367,587.3657
406,000568.XSHE,2018-12-26,17.5553,581.3603
407,000568.XSHE,2018-12-25,17.9269,593.6642
408,000568.XSHE,2018-12-24,17.7632,588.2446
409,000568.XSHE,2018-12-21,17.5509,581.2138
410,000568.XSHE,2018-12-20,18.1569,601.2809
411,000568.XSHE,2018-12-19,18.2675,604.9428
412,000568.XSHE,2018-12-18,18.9663,628.0859
413,000568.XSHE,2018-12-17,18.8602,624.5705
414,000568.XSHE,2018-12-14,19.1079,632.7731
415,000568.XSHE,2018-12-13,19.475,644.9305
416,000568.XSHE,2018-12-12,19.1256,633.359
417,000568.XSHE,2018-12-11,18.7806,621.9339
418,000568.XSHE,2018-12-10,18.6877,618.8579
419,000568.XSHE,2018-12-07,18.8469,624.131
420,000568.XSHE,2018-12-06,18.7009,619.2973
421,000568.XSHE,2018-12-05,19.3821,641.8545
422,000568.XSHE,2018-12-04,18.9973,629.1112
423,000568.XSHE,2018-12-03,18.9752,628.3788
424,000568.XSHE,2018-11-30,18.1348,600.5485
425,000568.XSHE,2018-11-29,17.6703,585.1686
426,000568.XSHE,2018-11-28,17.7898,589.1234
427,000568.XSHE,2018-11-27,17.5952,582.6785
428,000568.XSHE,2018-11-26,17.7013,586.1939
429,000568.XSHE,2018-11-23,17.7942,589.2699
430,000568.XSHE,2018-11-22,18.2675,604.9428
431,000568.XSHE,2018-11-21,18.2188,603.3315
432,000568.XSHE,2018-11-20,17.834,590.5882
433,000568.XSHE,2018-11-19,18.3294,606.9934
434,000568.XSHE,2018-11-16,17.8207,590.1488
435,000568.XSHE,2018-11-15,17.8694,591.76
436,000568.XSHE,2018-11-14,17.6703,585.1686
437,000568.XSHE,2018-11-13,17.9357,593.9571
438,000568.XSHE,2018-11-12,17.1528,568.031
439,000568.XSHE,2018-11-09,17.2369,570.814
440,000568.XSHE,2018-11-08,17.2767,572.1323
441,000568.XSHE,2018-11-07,17.2148,570.0817
442,000568.XSHE,2018-11-06,17.1838,569.0563
443,000568.XSHE,2018-11-05,17.5111,579.8955
444,000568.XSHE,2018-11-02,18.1348,600.5485
445,000568.XSHE,2018-11-01,16.9317,560.7072
446,000568.XSHE,2018-10-31,16.8344,557.4848
447,000568.XSHE,2018-10-30,16.2107,536.8318
448,000568.XSHE,2018-10-29,15.7463,521.4519
449,000568.XSHE,2018-10-26,18.3748,561.879
450,000568.XSHE,2018-10-25,18.8969,577.8449
451,000568.XSHE,2018-10-24,19.6154,599.8161
452,000568.XSHE,2018-10-23,20.4058,623.9846
453,000568.XSHE,2018-10-22,22.159,677.5945
454,000568.XSHE,2018-10-19,20.7172,633.5054
455,000568.XSHE,2018-10-18,19.8597,607.2864
456,000568.XSHE,2018-10-17,20.1088,614.9031
457,000568.XSHE,2018-10-16,20.2573,619.4438
458,000568.XSHE,2018-10-15,20.1424,615.9284
459,000568.XSHE,2018-10-12,20.9088,639.3645
460,000568.XSHE,2018-10-11,19.6298,600.2556
461,000568.XSHE,2018-10-10,19.9747,610.8018
462,000568.XSHE,2018-10-09,21.3207,651.9613
463,000568.XSHE,2018-10-08,21.3207,651.9613
464,000568.XSHE,2018-09-28,22.7577,695.9039
465,000568.XSHE,2018-09-27,22.7817,696.6363
466,000568.XSHE,2018-09-26,22.5278,688.8731
467,000568.XSHE,2018-09-25,22.1159,676.2762
468,000568.XSHE,2018-09-21,22.6619,692.9744
469,000568.XSHE,2018-09-20,21.4884,657.088
470,000568.XSHE,2018-09-19,21.2441,649.6177
471,000568.XSHE,2018-09-18,20.3148,621.2015
472,000568.XSHE,2018-09-17,19.3664,592.1994
473,000568.XSHE,2018-09-14,19.8214,606.1146
474,000568.XSHE,2018-09-13,19.3089,590.4417
475,000568.XSHE,2018-09-12,19.558,598.0584
476,000568.XSHE,2018-09-11,19.6011,599.3767
477,000568.XSHE,2018-09-10,19.7017,602.4527
478,000568.XSHE,2018-09-07,19.6681,601.4274
479,000568.XSHE,2018-09-06,19.5436,597.619
480,000568.XSHE,2018-09-05,20.1567,616.3678
481,000568.XSHE,2018-09-04,20.7411,634.2378
482,000568.XSHE,2018-09-03,20.6645,631.8942
483,000568.XSHE,2018-08-31,20.6405,631.1618
484,000568.XSHE,2018-08-30,21.3878,654.012
485,000568.XSHE,2018-08-29,21.7758,665.8765
486,000568.XSHE,2018-08-28,21.8381,667.7807
487,000568.XSHE,2018-08-27,24.5092,690.9237
488,000568.XSHE,2018-08-24,23.5116,662.8005
489,000568.XSHE,2018-08-23,23.8286,671.7355
490,000568.XSHE,2018-08-22,23.8805,673.2002
491,000568.XSHE,2018-08-21,24.3585,686.676
492,000568.XSHE,2018-08-20,23.4337,660.6034
493,000568.XSHE,2018-08-17,22.9193,646.1023
494,000568.XSHE,2018-08-16,23.0959,651.0825
495,000568.XSHE,2018-08-15,24.2234,682.8676
496,000568.XSHE,2018-08-14,25.2626,712.1627
497,000568.XSHE,2018-08-13,24.8885,701.6164
498,000568.XSHE,2018-08-10,25.4965,718.754
499,000568.XSHE,2018-08-09,25.351,714.6527
500,000568.XSHE,2018-08-08,24.3949,687.7013
501,000568.XSHE,2018-08-07,25.5848,721.2441
502,000568.XSHE,2018-08-06,25.1171,708.0613
503,000568.XSHE,2018-08-03,25.2938,713.0415
504,000568.XSHE,2018-08-02,26.4473,745.559
505,000568.XSHE,2018-08-01,27.7515,782.3243
506,000568.XSHE,2018-07-31,28.5413,804.5885
507,000568.XSHE,2018-07-30,28.6556,807.811
508,000568.XSHE,2018-07-27,29.2012,823.1909
509,000568.XSHE,2018-07-26,29.1804,822.605
